SKU,Producto,Ingresos,ComprasUnicas,Cantidad,PrecioMedio,CantidadMedia,Reembolso,PorcentCarritoDetalle,PorcentCompraDetalle
GGOEGBRJ114199,Google Utility BackPack,"2,039.87",14.00,17,119.99,1.21,0.00 ,4.22 %,0.08 %
GGOEGOCA121499,Google Color Block Notebook,"1,920.99",11.00,160,12.01,14.55,0.00 ,14.29 %,1.75 %
GGOEGBJC122399,Google Campus Bike Tote Navy,"1,697.98",5.00,154,11.03,30.80,0.00 ,23.36 %,0.33 %
GGOEGDHB107099,Google Canteen Bottle Black,"1,415.41",14.00,59,23.99,4.21,0.00 ,21.25 %,0.73 %
GGOEGHPL107710,Google Relaxed Fit Hat Navy,870.96,8.00,67,13.00,8.38,0.00 ,28.92 %,0.84 %
GGOEGBJJ099699,Google Flat Front Bag Grey,839.76,28.00,28,29.99,1.00,0.00 ,9.70 %,0.24 %
GGOEYHBB102199,YouTube Twill Sandwich Cap Black,792.65,56.00,61,12.99,1.09,0.00 ,21.13 %,1.13 %
GGOEGDHJ116899,Google Glass Bottle,735.71,6.00,32,22.99,5.33,0.00 ,16.20 %,0.23 %
GGOEGCBA096099,Google Campus Bike,719.89,17.00,18,39.99,1.06,0.00 ,5.59 %,0.26 %
GGOEGDWD108799,Google Camp Mug Ivory,636.68,34.00,49,12.99,1.44,0.00 ,25.02 %,0.77 %
GGOEGAEB110914,Google Zip Hoodie F/C,599.96,10.00,10,60.00,1.00,0.00 ,0.00 %,1000.00 %
GGOEGAEB110916,Google Zip Hoodie F/C,599.93,10.00,10,59.99,1.00,0.00 ,0.00 %,500.00 %
GGOEGHBJ101899,Google Twill Cap Charcoal,584.80,29.00,45,13.00,1.55,0.00 ,28.41 %,0.81 %
GGOEGABJ125299,Google Chrome Dinosaur Collectible,540.00,17.00,18,30.00,1.06,0.00 ,0.68 %,0.33 %
GGOEGAEB103815,Google F/C Longsleeve Charcoal,529.95,16.00,17,31.17,1.06,0.00 ,0.00 %,0.00 %
GGOEGOAH090199,Google Light Pen Green,508.30,18.00,170,2.99,9.44,0.00 ,36.54 %,2.55 %
GGOEGOAT090299,Google Light Pen Yellow,496.97,34.00,166,2.99,4.88,0.00 ,23.40 %,2.58 %
GGOEGDHQ093399,Google Thermal Bottle White,479.89,19.00,20,23.99,1.05,0.00 ,23.26 %,0.54 %
GGOEGDHC098299,Google 24oz Ring Bottle Blue,454.44,17.00,65,6.99,3.82,0.00 ,33.60 %,0.91 %
GGOEGAEB110915,Google Zip Hoodie F/C,419.97,7.00,7,60.00,1.00,0.00 ,0.00 %,100.00 %
GGOEYAEB091816,YouTube Tee Black,411.34,28.00,39,10.55,1.39,0.00 ,0.00 %,0.00 %
GGOEGDHR098199,Google 24 oz Ring Bottle Red,405.45,12.00,58,6.99,4.83,0.00 ,33.42 %,1.07 %
GGOEGBJJ103599,Google Incognito Flap Pack,374.95,4.00,5,74.99,1.25,0.00 ,5.23 %,0.06 %
GGOEGAAB118915,Google Unisex Eco Tee Black,373.90,15.00,17,21.99,1.13,0.00 ,0.00 %,1500.00 %
GGOEGAEB103816,Google F/C Longsleeve Charcoal,367.98,11.00,12,30.66,1.09,0.00 ,0.00 %,0.00 %
GGOEYOAA101499,YouTube Pen 2-Pack,362.22,40.00,91,3.98,2.28,0.00 ,30.16 %,0.99 %
GGOEGDHB108899,Google Adventure Bottle Black,359.94,9.00,9,39.99,1.00,0.00 ,12.18 %,0.23 %
GGOEGOLC014299,Google Metallic Notebook Set,353.52,30.00,59,5.99,1.97,0.00 ,21.42 %,0.92 %
GGOEGADJ108116,Google Men's Discovery Lt. Rain Shell,351.96,4.00,4,87.99,1.00,0.00 ,0.00 %,0.00 %
GGOEGAAB118914,Google Unisex Eco Tee Black,351.92,15.00,16,22.00,1.07,0.00 ,0.00 %,0.00 %
GGOEGAEQ090314,Google Tee White,351.81,16.00,19,18.52,1.19,0.00 ,0.00 %,0.00 %
GGOEGAEB105210,Google Crew Socks,335.98,15.00,21,16.00,1.40,0.00 ,29.10 %,0.86 %
GGOEGOAJ101399,Google Pen Grey,322.00,22.00,184,1.75,8.36,0.00 ,37.19 %,3.18 %
GGOEACBA116699,Noogler Android Figure 2019,319.90,19.00,20,16.00,1.05,0.00 ,19.72 %,0.36 %
GGOEGAEQ090315,Google Tee White,318.81,16.00,19,16.78,1.19,0.00 ,0.00 %,0.00 %
GGOEGOAA101199,Google Clear Pen 4-Pack,314.45,32.00,63,4.99,1.97,0.00 ,45.74 %,2.76 %
GGOEGAEB110016,Google Tee F/C Black,307.86,14.00,14,21.99,1.00,0.00 ,0.00 %,0.00 %
GGOEYAEB120715,YouTube Standards Zip Hoodie Black,299.99,5.00,5,60.00,1.00,0.00 ,0.00 %,0.00 %
GGOENEBJ079499,Learning Thermostat 3rd Gen-USA - Stainless Steel,298.00,1.00,2,149.00,2.00,0.00 ,55.58 %,0.04 %
GGOEGAEJ096417,Google Crewneck Sweatshirt Grey,292.78,6.00,6,48.80,1.00,0.00 ,0.00 %,0.00 %
GGOEGHGH124899,Google Clear Framed Blue Shades,289.68,9.00,58,4.99,6.44,0.00 ,29.23 %,2.17 %
GGOEGAEB110014,Google Tee F/C Black,285.87,12.00,13,21.99,1.08,0.00 ,0.00 %,0.00 %
GGOEGDWQ087699,Google Hub Mug White,272.79,19.00,21,12.99,1.11,0.00 ,18.52 %,0.57 %
GGOEGAEJ096416,Google Crewneck Sweatshirt Grey,271.99,5.00,5,54.40,1.00,0.00 ,0.00 %,0.00 %
GGOEGHGT124799,Google Clear Framed Yellow Shades,269.47,5.00,54,4.99,10.80,0.00 ,25.63 %,1.26 %
GGOEGAEJ103915,Google F/C Longsleeve Ash,264.95,9.00,9,29.44,1.00,0.00 ,0.00 %,0.00 %
GGOEGAEJ103914,Google F/C Longsleeve Ash,263.94,9.00,9,29.33,1.00,0.00 ,0.00 %,0.00 %
GGOEGCBA105099,Google Magnet,263.74,23.00,33,7.99,1.43,0.00 ,36.83 %,2.51 %
GGOEGAEB103814,Google F/C Longsleeve Charcoal,259.95,8.00,8,32.49,1.00,0.00 ,0.00 %,0.00 %
GGOEGOAR013099,Google Stylus Pen w/ LED Light,258.50,15.00,47,5.50,3.13,0.00 ,15.62 %,1.33 %
GGOEYAEA105610,YouTube Crew Socks,255.94,13.00,16,16.00,1.23,0.00 ,22.84 %,1.08 %
GGOEGHPC120810,Google Leather Strap Hat Blue,249.95,15.00,15,16.66,1.00,0.00 ,31.49 %,1.57 %
GGOEYDHB098499,YouTube 25 oz Gear Cap Bottle Black,242.92,9.00,9,26.99,1.00,0.00 ,16.01 %,0.29 %
GGOEGAEB110017,Google Tee F/C Black,241.89,11.00,11,21.99,1.00,0.00 ,0.00 %,0.00 %
GGOEYAEJ093717,YouTube Wordmark Crew Grey,239.20,12.00,12,19.93,1.00,0.00 ,0.00 %,0.00 %
GGOEGGOA017399,Maze Pen,236.86,34.00,238,1.00,7.00,0.00 ,31.47 %,2.26 %
GGOEGDNL108699,Google Thermal Tumbler Navy,233.92,13.00,13,17.99,1.00,0.00 ,14.60 %,0.39 %
GGOEGFKQ020399,Google Laptop and Cell Phone Stickers,233.49,65.00,78,2.99,1.20,0.00 ,34.62 %,1.30 %
GGOEGHGR019499,Google Sunglasses,231.00,28.00,66,3.50,2.36,0.00 ,0.00 %,0.00 %
GGOEGAEQ090316,Google Tee White,230.88,11.00,12,19.24,1.09,0.00 ,0.00 %,0.00 %
GGOEGAEJ091214,Google Pullover Hoodie Grey,227.95,4.00,5,45.59,1.25,0.00 ,0.00 %,0.00 %
GGOEGADB096214,Google Mens Microfleece Jacket Black,225.00,3.00,3,75.00,1.00,0.00 ,0.00 %,0.00 %
GGOEGADB096215,Google Mens Microfleece Jacket Black,224.98,3.00,3,74.99,1.00,0.00 ,0.00 %,300.00 %
GGOEGBJJ103699,Google Incognito Zip Pack,224.98,3.00,3,74.99,1.00,0.00 ,4.11 %,0.03 %
GGOEGBJJ103799,Google Incognito Messenger Bag,224.98,3.00,3,74.99,1.00,0.00 ,4.59 %,0.08 %
GGOEYFKQ105899,YouTube Small Sticker Sheet,224.52,37.00,75,2.99,2.03,0.00 ,32.07 %,1.07 %
GGOEGBJB099799,Google Packable Bag Black,219.90,11.00,11,19.99,1.00,0.00 ,14.29 %,0.19 %
GGOEGABK101099,Google Phone Stand Bamboo,219.66,25.00,44,4.99,1.76,0.00 ,37.02 %,0.74 %
GGOEGHGC019799,Google Sunglasses,213.50,37.00,61,3.50,1.65,0.00 ,0.00 %,0.00 %
GGOEGOAJ086399,Google Tri Pen Silver,211.03,7.00,17,12.41,2.43,0.00 ,16.06 %,1.97 %
GGOEGAEB091116,Google Zip Hoodie Black,209.96,4.00,4,52.49,1.00,0.00 ,0.00 %,0.00 %
GGOEGAEB091115,Google Zip Hoodie Black,209.95,5.00,5,41.99,1.00,0.00 ,0.00 %,0.00 %
GGOEGAEL090815,Google Bike Tee Navy,208.89,11.00,11,18.99,1.00,0.00 ,0.00 %,0.00 %
GGOEGHBB101799,Google Trucker Hat Black,207.88,14.00,16,12.99,1.14,0.00 ,27.11 %,1.10 %
GGOEGBJK099999,Google Large Tote Canvas,207.84,12.00,16,12.99,1.33,0.00 ,31.81 %,0.96 %
GGOEGADJ135214,Google Sherpa Zip Hoodie Charcoal,207.00,2.00,3,69.00,1.50,0.00 ,0.00 %,0.00 %
GGOEGAEQ090312,Google Tee White,202.35,14.00,14,14.45,1.00,0.00 ,0.00 %,0.00 %
GGOEGBRL124699,Google Bike Mini Backpack,200.00,2.00,5,40.00,2.50,0.00 ,4.02 %,0.11 %
GGOEYAEB120214,YouTube Icon Tee Charcoal,197.99,7.00,9,22.00,1.29,0.00 ,0.00 %,0.00 %
GGOEGALB109914,Google Women's Tee F/C Black,197.93,8.00,9,21.99,1.12,0.00 ,0.00 %,0.00 %
GGOEGALB109915,Google Women's Tee F/C Black,197.93,8.00,9,21.99,1.12,0.00 ,0.00 %,0.00 %
GGOEAKDA095999,Mini Android Collectible Figure - Series 7,194.99,1.00,1,194.99,1.00,0.00 ,3.22 %,0.13 %
GGOEGAEB105310,Google Sport Socks,193.19,8.00,17,11.36,2.12,0.00 ,29.92 %,0.83 %
GGOEGAER090413,Google Tee Red,189.16,12.00,12,15.76,1.00,0.00 ,0.00 %,0.00 %
GGOEGOAQ101299,Google Pen White,189.00,40.00,108,1.75,2.70,0.00 ,40.78 %,4.12 %
GGOEGADB108315,Google Men's Kirkland Pullover,188.98,3.00,3,62.99,1.00,0.00 ,0.00 %,0.00 %
GGOEGAEJ104014,Google Tudes Recycled Tee,185.94,5.00,6,30.99,1.20,0.00 ,0.00 %,0.00 %
GGOEYAEB120716,YouTube Standards Zip Hoodie Black,180.00,3.00,3,60.00,1.00,0.00 ,0.00 %,0.00 %
GGOEGAEB110913,Google Zip Hoodie F/C,179.98,3.00,3,59.99,1.00,0.00 ,0.00 %,0.00 %
GGOEYAEB091817,YouTube Tee Black,175.97,12.00,18,9.78,1.50,0.00 ,0.00 %,0.00 %
GGOEGFSR022099,Google Mini Kick Ball,175.50,15.00,88,1.99,5.87,0.00 ,26.89 %,0.66 %
GGOEGAEQ090313,Google Tee White,171.51,7.00,9,19.06,1.29,0.00 ,0.00 %,0.00 %
GGOENEBQ097099,Hello Doorbell - USA,169.00,1.00,1,169.00,1.00,0.00 ,53.91 %,0.29 %
GGOEGAEQ090317,Google Tee White,167.11,10.00,10,16.71,1.00,0.00 ,0.00 %,0.00 %
GGOEYHPB121110,YouTube Leather Strap Hat Black,166.97,10.00,10,16.70,1.00,0.00 ,19.82 %,0.66 %
GGOEGHPB071610,Google Twill Cap,164.85,10.00,15,10.99,1.50,0.00 ,29.14 %,0.59 %
GGOEGBRL124699,Google Campus Bike Mini Backpack,160.00,3.00,4,40.00,1.33,0.00 ,0.72 %,0.43 %
GGOEGDWQ123399,Google Perk Thermal Tumbler,159.97,8.00,8,20.00,1.00,0.00 ,12.23 %,0.41 %
GGOEGOCJ093999,Google Large Standard Journal Grey,159.95,10.00,10,16.00,1.00,0.00 ,25.29 %,0.98 %
GGOEGAEB102314,Google Black Tee,153.93,7.00,7,21.99,1.00,0.00 ,0.00 %,0.00 %
GGOEYAEB091815,YouTube Tee Black,153.91,9.00,9,17.10,1.00,0.00 ,0.00 %,0.00 %
GGOEGDWC122799,Campus Corkbase Mug Blue,152.91,4.00,9,16.99,2.25,0.00 ,25.19 %,0.50 %
GGOEAFKA087599,Android Large Removable Sticker Sheet,152.51,9.00,51,2.99,5.67,0.00 ,32.20 %,0.71 %
GGOEGADB096216,Google Mens Microfleece Jacket Black,150.00,2.00,2,75.00,1.00,0.00 ,0.00 %,33.33 %
GGOEGADB096217,Google Mens Microfleece Jacket Black,150.00,2.00,2,75.00,1.00,0.00 ,0.00 %,0.00 %
GGOEGHPJ094299,Google Fold-over Beanie Grey,149.92,14.00,15,9.99,1.07,0.00 ,28.78 %,0.50 %
GGOEGBJJ099499,Google Utility Bag Grey,149.88,11.00,15,9.99,1.36,0.00 ,14.96 %,0.32 %
GGOEGAEL090814,Google Bike Tee Navy,149.52,8.00,8,18.69,1.00,0.00 ,0.00 %,0.00 %
GGOEYDWB123299,YouTube Play Mug,147.96,10.00,12,12.33,1.20,0.00 ,20.73 %,0.56 %
GGOEADHB085999,Android Trace Bottle Black,143.94,1.00,6,23.99,6.00,0.00 ,15.95 %,0.20 %
GGOEGAEB105210,Google Crew Socks Summer 18,143.91,9.00,9,15.99,1.00,0.00 ,36.48 %,0.99 %
GGOEGBJC100199,Google Mesh Bag Blue,143.85,13.00,24,5.99,1.85,0.00 ,26.53 %,0.50 %
GGOEGABJ099299,Google Separating Keyring,139.85,16.00,20,6.99,1.25,0.00 ,23.99 %,1.58 %
GGOEGAED134810,Google Heathered Pom Beanie,135.00,6.00,9,15.00,1.50,0.00 ,23.52 %,0.57 %
GGOEGHGJ124999,Google Clear Framed Gray Shades,135.00,3.00,27,5.00,9.00,0.00 ,19.47 %,1.33 %
GGOEGADB108314,Google Men's Kirkland Pullover,132.30,3.00,3,44.10,1.00,0.00 ,0.00 %,0.00 %
GGOEYAEB120215,YouTube Icon Tee Charcoal,131.98,5.00,6,22.00,1.20,0.00 ,0.00 %,0.00 %
GGOEGALB109917,Google Women's Tee F/C Black,131.96,6.00,6,21.99,1.00,0.00 ,0.00 %,0.00 %
GGOEGAEB110015,Google Tee F/C Black,131.94,6.00,6,21.99,1.00,0.00 ,0.00 %,0.00 %
GGOEGAEC090717,Google Tee Blue,127.53,7.00,7,18.22,1.00,0.00 ,0.00 %,0.00 %
GGOEGAEJ091218,Google Pullover Hoodie Grey,126.00,2.00,3,42.00,1.50,0.00 ,0.00 %,0.00 %
GGOEAAEJ105510,Android Sport Socks,125.99,7.00,9,14.00,1.29,0.00 ,13.65 %,0.34 %
GGOEGAEB091118,Google Zip Hoodie Black,125.99,3.00,3,42.00,1.00,0.00 ,0.00 %,0.00 %
GGOEGAEJ091216,Google Pullover Hoodie Grey,125.97,3.00,3,41.99,1.00,0.00 ,0.00 %,0.00 %
GGOEABRB130499,Android Iconic Backpack,125.00,1.00,5,25.00,5.00,0.00 ,4.21 %,0.14 %
GGOEGAEC119815,Google Tee Dark Blue,124.98,5.00,5,25.00,1.00,0.00 ,0.00 %,0.00 %
GGOEGALQ120014,Google Women's Ringer Tee,124.97,3.00,5,24.99,1.67,0.00 ,0.00 %,0.00 %
GGOEGAEC119315,Google Campus Bike Eco Tee Navy,124.95,5.00,5,24.99,1.00,0.00 ,0.00 %,0.00 %
GGOEGAEJ096414,Google Crewneck Sweatshirt Grey,124.77,3.00,3,41.59,1.00,0.00 ,0.00 %,0.00 %
GGOEGAEJ118217,Google Summer19 Crew Grey,123.99,2.00,2,62.00,1.00,0.00 ,12.17 %,1.74 %
GGOEAFBA115499,Android Techie 3D Framed Art,123.98,5.00,5,24.80,1.00,0.00 ,9.02 %,0.55 %
GGOEAKDH019899,Windup Android,123.69,8.00,31,3.99,3.88,0.00 ,26.21 %,0.55 %
GGOEGAEH110615,Google Shoreline Tonal Tee Olive,123.12,8.00,8,15.39,1.00,0.00 ,0.00 %,0.00 %
GGOEGAEC090713,Google Tee Blue,120.96,6.00,7,17.28,1.17,0.00 ,0.00 %,0.00 %
GGOEGAER090415,Google Tee Red,120.93,7.00,7,17.28,1.00,0.00 ,0.00 %,0.00 %
GGOEGADC135014,Google Raincoat Navy,120.00,1.00,1,120.00,1.00,0.00 ,0.00 %,0.00 %
GGOEGAEB103813,Google F/C Longsleeve Charcoal,120.00,4.00,4,30.00,1.00,0.00 ,0.00 %,200.00 %
GGOEGDHB137399,Google Woodtop Bottle Black,120.00,4.00,4,30.00,1.00,0.00 ,14.36 %,0.14 %
GGOEYAEB120713,YouTube Standards Zip Hoodie Black,120.00,2.00,2,60.00,1.00,0.00 ,0.00 %,0.00 %
GGOEYAEB120714,YouTube Standards Zip Hoodie Black,120.00,2.00,2,60.00,1.00,0.00 ,0.00 %,0.00 %
GGOEGAEB110917,Google Zip Hoodie F/C,119.99,2.00,2,60.00,1.00,0.00 ,0.00 %,0.00 %
GGOEGABJ099599,Google Laptop Sleeve Charcoal,119.96,6.00,6,19.99,1.00,0.00 ,8.94 %,0.28 %
GGOEGDHR086999,Google Thermal Bottle Red,119.95,3.00,5,23.99,1.67,0.00 ,28.34 %,0.70 %
GGOEAFKA087499,Android Small Removable Sticker Sheet,119.60,10.00,40,2.99,4.00,0.00 ,38.59 %,1.01 %
GGOEGHGH019699,Google Sunglasses,119.00,24.00,34,3.50,1.42,0.00 ,0.00 %,218.18 %
GGOENEBQ078999,Cam Outdoor Security Camera - USA,119.00,1.00,1,119.00,1.00,0.00 ,39.24 %,0.03 %
GGOEGAXA123610,Google Crew Combed Cotton Sock,118.98,7.00,7,17.00,1.00,0.00 ,32.20 %,0.80 %
GGOEGAEJ103916,Google F/C Longsleeve Ash,116.96,4.00,4,29.24,1.00,0.00 ,0.00 %,0.00 %
GGOEGBJQ125099,Google Large Tote White,116.96,8.00,9,13.00,1.12,0.00 ,23.68 %,0.57 %
GGOEGAEQ117614,Unisex Google Jumbo Print Tee White,116.00,4.00,4,29.00,1.00,0.00 ,0.00 %,0.00 %
GGOEGADB138315,Google Men's Puff Jacket Black,115.00,1.00,1,115.00,1.00,0.00 ,0.00 %,0.00 %
GGOEGADB138317,Google Men's Puff Jacket Black,115.00,1.00,1,115.00,1.00,0.00 ,0.00 %,0.00 %
GGOEGABL100799,Google Mouse Pad Navy,114.85,16.00,23,4.99,1.44,0.00 ,28.94 %,0.70 %
GGOEGADJ108017,Google Women's Techie Fleece,114.39,2.00,2,57.20,1.00,0.00 ,0.00 %,0.00 %
GGOEGAET090513,Google Tee Yellow,112.17,7.00,9,12.46,1.29,0.00 ,0.00 %,0.00 %
GGOEGAEC090714,Google Tee Blue,112.14,6.00,6,18.69,1.00,0.00 ,0.00 %,0.00 %
GGOEGBBD121899,Google Striped Accessory Pouch,110.93,6.00,8,13.87,1.33,0.00 ,26.03 %,0.54 %
GGOEADHQ098399,Android 25 oz Gear Cap Bottle White,110.65,5.00,5,22.13,1.00,0.00 ,14.31 %,0.86 %
GGOEYAEJ120315,YouTube Icon Tee Grey,110.00,5.00,5,22.00,1.00,0.00 ,0.00 %,250.00 %
GGOEGAAB118918,Google Unisex Eco Tee Black,109.99,5.00,5,22.00,1.00,0.00 ,0.00 %,0.00 %
GGOEGALB109913,Google Women's Tee F/C Black,109.97,5.00,5,21.99,1.00,0.00 ,0.00 %,0.00 %
GGOEGAXB113613,Google Toddler FC Zip Hoodie,105.00,3.00,3,35.00,1.00,0.00 ,0.00 %,0.00 %
GGOEACBA104599,Android SM S/F18 Sticker Sheet,104.65,4.00,35,2.99,8.75,0.00 ,45.01 %,0.81 %
GGOEGAEL091315,Google Crewneck Sweatshirt Navy,103.99,2.00,2,52.00,1.00,0.00 ,0.00 %,0.00 %
GGOEGAEL091316,Google Crewneck Sweatshirt Navy,103.99,2.00,2,52.00,1.00,0.00 ,0.00 %,0.00 %
GGOEGHPL107710,Google Dad Hat Navy,103.92,6.00,8,12.99,1.33,0.00 ,32.36 %,0.88 %
GGOEGAEM104315,Google Tonal Tee Coral,103.39,6.00,9,11.49,1.50,0.00 ,0.00 %,0.00 %
GGOEGAEH090614,Google Tee Green,103.35,5.00,5,20.67,1.00,0.00 ,0.00 %,0.00 %
GGOEAAEB091712,Android Tone Hoodie Black,102.00,5.00,5,20.40,1.00,0.00 ,0.00 %,0.00 %
GGOEGAEB091114,Google Zip Hoodie Black,101.98,2.00,2,50.99,1.00,0.00 ,0.00 %,0.00 %
GGOEYAEB091812,YouTube Tee Black,101.19,7.00,9,11.24,1.29,0.00 ,0.00 %,0.00 %
GGOEAADB109713,Android Moffet Jacket,100.00,1.00,2,50.00,2.00,0.00 ,0.00 %,0.00 %
GGOEGAEC134910,Google Speckled Beanie Navy,100.00,5.00,5,20.00,1.00,0.00 ,23.03 %,0.67 %
GGOEGAYB113016,Google Youth FC Tee Charcoal,99.99,3.00,4,25.00,1.33,0.00 ,0.00 %,0.00 %
GGOEGAEC119816,Google Tee Dark Blue,99.98,4.00,4,25.00,1.00,0.00 ,0.00 %,0.00 %
GGOEGAEH119717,Google Tee Mint Green,99.98,4.00,4,25.00,1.00,0.00 ,0.00 %,0.00 %
GGOEGADH138118,Google Men's Softshell Moss,99.00,1.00,1,99.00,1.00,0.00 ,0.00 %,0.00 %
GGOEGPJC019099,7in Dog Frisbee,99.00,10.00,66,1.50,6.60,0.00 ,33.83 %,3.76 %
GGOEGAEH110814,Google Shoreline Tonal Crew Olive,98.98,2.00,2,49.49,1.00,0.00 ,0.00 %,0.00 %
GGOEGAEC090716,Google Tee Blue,98.95,6.00,6,16.49,1.00,0.00 ,0.00 %,0.00 %
GGOEGAEJ103014,Google Tee Grey,98.94,6.00,6,16.49,1.00,0.00 ,0.00 %,0.00 %
GGOEGAEB103817,Google F/C Longsleeve Charcoal,97.98,3.00,3,32.66,1.00,0.00 ,0.00 %,0.00 %
GGOEGAEB105310,Google Sport Socks Summer 18,97.93,4.00,7,13.99,1.75,0.00 ,35.16 %,0.76 %
GGOEGAEC090715,Google Tee Blue,96.75,5.00,5,19.35,1.00,0.00 ,0.00 %,0.00 %
GGOEYOCR125599,YouTube Transmission Journal Red,96.00,6.00,6,16.00,1.00,0.00 ,16.18 %,0.38 %
GGOEGEBA101699,Google See-No Hear-No Set,95.96,6.00,8,12.00,1.33,0.00 ,4.48 %,0.06 %
GGOEYOCB092699,YouTube Transmission Journal Black,95.94,6.00,6,15.99,1.00,0.00 ,10.02 %,0.22 %
GGOEGBJR100099,Google Mesh Bag Red,95.86,10.00,16,5.99,1.60,0.00 ,35.29 %,1.30 %
GGOEGAEC119317,Google Campus Bike Eco Tee Navy,94.97,3.00,4,23.74,1.33,0.00 ,0.00 %,0.00 %
GGOEYAEB091813,YouTube Tee Black,94.54,6.00,6,15.76,1.00,0.00 ,0.00 %,0.00 %
GGOEGAER110715,Google Shoreline Tonal Crew Maroon,93.48,2.00,2,46.74,1.00,0.00 ,0.00 %,0.00 %
GGOEGAEJ104015,Google Tudes Recycled Tee,92.97,3.00,3,30.99,1.00,0.00 ,0.00 %,0.00 %
GGOEGAEM104313,Google Tonal Tee Coral,90.17,7.00,7,12.88,1.00,0.00 ,0.00 %,0.00 %
GGOEAAEB091717,Android Tone Hoodie Black,90.00,5.00,5,18.00,1.00,0.00 ,0.00 %,0.00 %
GGOEGAYB113714,Google Youth FC Zip Hoodie,90.00,2.00,2,45.00,1.00,0.00 ,0.00 %,0.00 %
GGOEGAEB091112,Google Zip Hoodie Black,89.98,2.00,2,44.99,1.00,0.00 ,0.00 %,0.00 %
GGOEYAEB093813,YouTube Icon Pullover Black,89.98,2.00,2,44.99,1.00,0.00 ,0.00 %,0.00 %
GGOEGAPJ138617,Google Women's Tech Fleece Grey,89.00,1.00,1,89.00,1.00,0.00 ,0.00 %,0.00 %
GGOEGADJ108118,Google Men's Discovery Lt. Rain Shell,88.00,1.00,1,88.00,1.00,0.00 ,0.00 %,0.00 %
GGOEGADB107913,Google Men's Techie Fleece,87.99,1.00,1,87.99,1.00,0.00 ,0.00 %,0.00 %
GGOEGADB107917,Google Men's Techie Fleece,87.99,1.00,1,87.99,1.00,0.00 ,0.00 %,0.00 %
GGOEGADJ108114,Google Men's Discovery Lt. Rain Shell,87.99,1.00,1,87.99,1.00,0.00 ,0.00 %,0.00 %
GGOEGADJ108115,Google Men's Discovery Lt. Rain Shell,87.99,1.00,1,87.99,1.00,0.00 ,0.00 %,0.00 %
GGOEGAPJ108215,Google Women's Discovery Lt. Rain Shell,87.99,1.00,1,87.99,1.00,0.00 ,0.00 %,0.00 %
GGOEGALB109916,Google Women's Tee F/C Black,87.98,4.00,4,22.00,1.00,0.00 ,0.00 %,0.00 %
GGOEGAAB118916,Google Unisex Eco Tee Black,87.97,4.00,4,21.99,1.00,0.00 ,0.00 %,0.00 %
GGOEGAEB102313,Google Black Tee,87.96,3.00,4,21.99,1.33,0.00 ,0.00 %,0.00 %
GGOEGAEL090817,Google Bike Tee Navy,87.96,4.00,4,21.99,1.00,0.00 ,0.00 %,0.00 %
GGOEGAEJ117515,Unisex Google Pocket Tee Grey,87.00,3.00,3,29.00,1.00,0.00 ,0.00 %,0.00 %
GGOEGAEJ117516,Unisex Google Pocket Tee Grey,87.00,3.00,3,29.00,1.00,0.00 ,0.00 %,0.00 %
GGOEGOAR090099,Google Light Pen Red,86.71,7.00,29,2.99,4.14,0.00 ,33.62 %,1.53 %
GGOEGAEH090617,Google Tee Green,85.76,5.00,5,17.15,1.00,0.00 ,0.00 %,0.00 %
GGOEGAEH104213,Google Tonal Tee Spearmint,85.76,6.00,6,14.29,1.00,0.00 ,0.00 %,0.00 %
GGOEGOAC121399,Google Pen Navy,85.75,24.00,49,1.75,2.04,0.00 ,39.00 %,3.52 %
GGOEGAEJ091215,Google Pullover Hoodie Grey,83.98,2.00,2,41.99,1.00,0.00 ,0.00 %,0.00 %
GGOEGAEJ091217,Google Pullover Hoodie Grey,83.98,2.00,2,41.99,1.00,0.00 ,0.00 %,0.00 %
GGOEGAEM104317,Google Tonal Tee Coral,83.57,5.00,6,13.93,1.20,0.00 ,0.00 %,0.00 %
GGOEGHPR118810,Google Leather Strap Hat Red,82.98,4.00,5,16.60,1.25,0.00 ,28.22 %,0.76 %
GGOEGCBA139199,Google Keychain,80.00,8.00,10,8.00,1.25,0.00 ,2.45 %,4.91 %
GGOEGADJ109515,Google Men's Outpost Vest,79.99,1.00,1,79.99,1.00,0.00 ,0.00 %,0.00 %
GGOEGADJ109513,Google Men's Outpost Vest,79.98,2.00,2,39.99,1.00,0.00 ,0.00 %,0.00 %
GGOEGADJ109518,Google Men's Outpost Vest,79.98,2.00,2,39.99,1.00,0.00 ,0.00 %,0.00 %
GGOEGADJ137113,Google Men's Tech Fleece Vest Charcoal,79.00,1.00,1,79.00,1.00,0.00 ,0.00 %,0.00 %
GGOEGADJ137114,Google Men's Tech Fleece Vest Charcoal,79.00,1.00,1,79.00,1.00,0.00 ,0.00 %,0.00 %
GGOEGADJ137115,Google Men's Tech Fleece Vest Charcoal,79.00,1.00,1,79.00,1.00,0.00 ,0.00 %,0.00 %
GGOEGADJ137118,Google Men's Tech Fleece Vest Charcoal,79.00,1.00,1,79.00,1.00,0.00 ,0.00 %,0.00 %
GGOEGAPB138715,Google Sherpa Vest Black,79.00,1.00,1,79.00,1.00,0.00 ,0.00 %,0.00 %
GGOEGOAB086399,Google Tri Pen Black,78.33,5.00,7,11.19,1.40,0.00 ,18.81 %,1.11 %
GGOEGEGC099099,Google Small Cable Organizer Blue,77.74,7.00,26,2.99,3.71,0.00 ,18.33 %,0.86 %
GGOEGALQ120013,Google Women's Ringer Tee,75.00,3.00,3,25.00,1.00,0.00 ,0.00 %,0.00 %
GGOEGAEC119313,Google Campus Bike Eco Tee Navy,74.99,3.00,3,25.00,1.00,0.00 ,0.00 %,0.00 %
GGOEGAEH119716,Google Tee Mint Green,74.99,3.00,3,25.00,1.00,0.00 ,0.00 %,0.00 %
GGOEGALQ120015,Google Women's Ringer Tee,74.99,3.00,3,25.00,1.00,0.00 ,0.00 %,0.00 %
GGOEGAEC119314,Google Campus Bike Eco Tee Navy,74.98,3.00,3,24.99,1.00,0.00 ,0.00 %,0.00 %
GGOEGAEC119813,Google Tee Dark Blue,74.98,3.00,3,24.99,1.00,0.00 ,0.00 %,0.00 %
GGOEGAAQ119915,Google Unisex Ringer Tee,74.97,3.00,3,24.99,1.00,0.00 ,0.00 %,0.00 %
GGOEGAEH119714,Google Tee Mint Green,74.97,3.00,3,24.99,1.00,0.00 ,0.00 %,0.00 %
GGOEGAYB113013,Google Youth FC Tee Charcoal,74.97,2.00,3,24.99,1.50,0.00 ,0.00 %,0.00 %
GGOEGAYB113015,Google Youth FC Tee Charcoal,74.97,3.00,3,24.99,1.00,0.00 ,0.00 %,0.00 %
GGOEGALQ102613,Google Women's White Tee,74.76,4.00,4,18.69,1.00,0.00 ,0.00 %,0.00 %
GGOEGAXB113614,Google Toddler FC Zip Hoodie,69.99,2.00,2,35.00,1.00,0.00 ,0.00 %,0.00 %
GGOEAAEJ105510,Android Sport Socks Summer 18,69.95,4.00,5,13.99,1.25,0.00 ,14.74 %,0.48 %
GGOEGEBK094499,Google Bot,69.95,7.00,7,9.99,1.00,0.00 ,21.71 %,0.78 %
GGOEGAEL090818,Google Bike Tee Navy,68.18,4.00,4,17.04,1.00,0.00 ,0.00 %,0.00 %
GGOEYALQ091915,YouTube Women's Favorite Tee White,68.17,4.00,5,13.63,1.25,0.00 ,0.00 %,0.00 %
GGOEAFBA115599,Android Super Hero 3D Framed Art,68.00,3.00,3,22.67,1.00,0.00 ,10.48 %,0.57 %
GGOEGAXA123510,Google Crew Striped Athletic Sock,67.98,3.00,4,17.00,1.33,0.00 ,25.17 %,0.41 %
GGOEGAEC119615,Google Mountain View Tee Blue,67.49,3.00,3,22.50,1.00,0.00 ,0.00 %,0.00 %
GGOEAAER110113,Android Diamond Tee,67.47,3.00,3,22.49,1.00,0.00 ,0.00 %,0.00 %
GGOEGAEB110018,Google Tee F/C Black,66.00,3.00,3,22.00,1.00,0.00 ,0.00 %,0.00 %
GGOEGAEB125315,Google Unisex Pride Eco-Tee Black,66.00,3.00,3,22.00,1.00,0.00 ,0.00 %,0.00 %
GGOEGAEB125316,Google Unisex Pride Eco-Tee Black,66.00,2.00,3,22.00,1.50,0.00 ,0.00 %,0.00 %
GGOEYAEB120216,YouTube Icon Tee Charcoal,66.00,3.00,3,22.00,1.00,0.00 ,0.00 %,0.00 %
GGOEGAEB110013,Google Tee F/C Black,65.99,3.00,3,22.00,1.00,0.00 ,0.00 %,0.00 %
GGOEGAEB102315,Google Black Tee,65.97,3.00,3,21.99,1.00,0.00 ,0.00 %,0.00 %
GGOEGAEB102316,Google Black Tee,65.97,3.00,3,21.99,1.00,0.00 ,0.00 %,0.00 %
GGOEGAER090414,Google Tee Red,65.97,3.00,3,21.99,1.00,0.00 ,0.00 %,0.00 %
GGOEGHPR107610,Google Dad Hat Maroon,64.94,6.00,6,10.82,1.00,0.00 ,26.46 %,2.06 %
GGOEGADJ109514,Google Men's Outpost Vest,63.99,1.00,1,63.99,1.00,0.00 ,0.00 %,0.00 %
GGOEGADJ109516,Google Men's Outpost Vest,63.99,1.00,1,63.99,1.00,0.00 ,0.00 %,0.00 %
GGOEYAEA105610,YouTube Crew Socks Summer 18,63.96,3.00,4,15.99,1.33,0.00 ,22.50 %,0.34 %
GGOEGAEQ117613,Unisex Google Jumbo Print Tee White,63.80,3.00,3,21.27,1.00,0.00 ,0.00 %,300.00 %
GGOEGAEJ104116,Google Tonal Tee Fog,63.76,3.00,4,15.94,1.33,0.00 ,0.00 %,0.00 %
GGOEGAQB107814,Google Women's Grid Zip-Up,62.99,1.00,1,62.99,1.00,0.00 ,0.00 %,0.00 %
GGOEGAQB107816,Google Women's Grid Zip-Up,62.99,1.00,1,62.99,1.00,0.00 ,0.00 %,0.00 %
GGOEGAQB107817,Google Women's Grid Zip-Up,62.99,1.00,1,62.99,1.00,0.00 ,0.00 %,0.00 %
GGOEGAEJ104017,Google Tudes Recycled Tee,61.98,2.00,2,30.99,1.00,0.00 ,0.00 %,0.00 %
GGOEGAER090416,Google Tee Red,61.56,4.00,4,15.39,1.00,0.00 ,0.00 %,0.00 %
GGOEGAER090417,Google Tee Red,61.56,4.00,4,15.39,1.00,0.00 ,0.00 %,0.00 %
GGOEGAER110516,Google Shoreline Tonal Tee Maroon,61.56,3.00,4,15.39,1.33,0.00 ,0.00 %,0.00 %
GGOEGOAQ121299,Google Confetti Pen White,61.25,16.00,35,1.75,2.19,0.00 ,37.72 %,2.03 %
GGOEGAAR134515,Google Red Speckled Tee,60.00,2.00,2,30.00,1.00,0.00 ,0.00 %,0.00 %
GGOEGAEB110918,Google Zip Hoodie F/C,60.00,1.00,1,60.00,1.00,0.00 ,0.00 %,0.00 %
GGOEGAEJ103913,Google F/C Longsleeve Ash,60.00,2.00,2,30.00,1.00,0.00 ,0.00 %,0.00 %
GGOEGAEJ104013,Google Tudes Recycled Tee,60.00,2.00,2,30.00,1.00,0.00 ,0.00 %,0.00 %
GGOEGAEJ104018,Google Tudes Recycled Tee,60.00,2.00,2,30.00,1.00,0.00 ,0.00 %,0.00 %
GGOEGDHJ136799,Google Cup Cap Tumbler Grey,60.00,1.00,2,30.00,2.00,0.00 ,10.24 %,0.12 %
GGOEGHGA118699,Google Premium Sunglasses,59.99,3.00,3,20.00,1.00,0.00 ,10.63 %,0.22 %
GGOEGAPB087899,Google Snapback Black Cap,59.97,3.00,3,19.99,1.00,0.00 ,12.07 %,0.20 %
GGOEGAEL090813,Google Bike Tee Navy,59.37,3.00,3,19.79,1.00,0.00 ,0.00 %,0.00 %
P12345,Robert Test,58.40,2.00,2,29.20,1.00,0.00 ,0.00 %,0.00 %
GGOEGAEC126614,Flamingo and Friends Tee Blue,58.00,2.00,2,29.00,1.00,0.00 ,0.00 %,0.00 %
GGOEGAEJ142815,Google Austin Campus Zip Hoodie,58.00,1.00,1,58.00,1.00,0.00 ,0.00 %,0.00 %
GGOEGBBC122499,Google Campus Bike Carry Pouch,57.99,5.00,7,8.28,1.40,0.00 ,28.41 %,0.64 %
GGOEGAEC090718,Google Tee Blue,57.18,4.00,4,14.30,1.00,0.00 ,0.00 %,0.00 %
GGOEGAEJ104113,Google Tonal Tee Fog,57.17,3.00,4,14.29,1.33,0.00 ,0.00 %,0.00 %
GGOEGDNQ138099,Google Cork Base Tumbler,56.00,2.00,2,28.00,1.00,0.00 ,8.21 %,0.10 %
GGOEGABB099199,Google Wallet Stand Black,55.91,8.00,14,3.99,1.75,0.00 ,11.61 %,0.25 %
GGOEGADH134217,Google Crewneck Sweatshirt Green,55.00,1.00,1,55.00,1.00,0.00 ,0.00 %,0.00 %
GGOEGAEJ096418,Google Crewneck Sweatshirt Grey,55.00,1.00,1,55.00,1.00,0.00 ,0.00 %,100.00 %
GGOEGAEM104314,Google Tonal Tee Coral,55.00,5.00,5,11.00,1.00,0.00 ,0.00 %,0.00 %
GGOEGBJB125799,Google Pride Tote Black,55.00,4.00,5,11.00,1.25,0.00 ,16.99 %,0.32 %
GGOEGAER110714,Google Shoreline Tonal Crew Maroon,54.99,1.00,1,54.99,1.00,0.00 ,0.00 %,0.00 %
GGOEGAEM104316,Google Tonal Tee Coral,54.98,4.00,4,13.74,1.00,0.00 ,0.00 %,0.00 %
GGOEAHBB102099,Android Twill Cap Black,54.54,5.00,6,9.09,1.20,0.00 ,24.51 %,1.23 %
GGOEGALJ091016,Google Women's Tee Grey,52.80,3.00,3,17.60,1.00,0.00 ,0.00 %,0.00 %
GGOEGAET090516,Google Tee Yellow,52.79,4.00,4,13.20,1.00,0.00 ,0.00 %,0.00 %
GGOEGALQ102616,Google Women's White Tee,52.78,3.00,3,17.59,1.00,0.00 ,0.00 %,0.00 %
GGOEGAEJ104114,Google Tonal Tee Fog,52.77,3.00,3,17.59,1.00,0.00 ,0.00 %,0.00 %
GGOEGAEL091312,Google Crewneck Sweatshirt Navy,51.99,1.00,1,51.99,1.00,0.00 ,0.00 %,0.00 %
GGOEADWJ108999,Android Mug Gray,51.96,3.00,4,12.99,1.33,0.00 ,26.34 %,0.28 %
GGOEGOCK100599,Google Recycled Notebook Set Natural,51.96,3.00,4,12.99,1.33,0.00 ,10.68 %,0.33 %
GGOEGHPH107210,Google Beanie Olive,51.27,3.00,3,17.09,1.00,0.00 ,24.22 %,0.72 %
GGOEAADB109715,Android Moffet Jacket,50.00,1.00,1,50.00,1.00,0.00 ,0.00 %,0.00 %
GGOEAADB109716,Android Moffet Jacket,50.00,1.00,1,50.00,1.00,0.00 ,0.00 %,0.00 %
GGOEGAEH119712,Google Tee Mint Green,50.00,2.00,2,25.00,1.00,0.00 ,0.00 %,0.00 %
GGOEGAYQ118013,Youth Jumbo Print Tee White,50.00,2.00,2,25.00,1.00,0.00 ,0.00 %,0.00 %
GGOEGAWB113546,Google Infant Charcoal Onesie,49.99,2.00,2,25.00,1.00,0.00 ,0.00 %,0.00 %
GGOEGAXB113351,Google Toddler FC Tee Charcoal,49.99,2.00,2,25.00,1.00,0.00 ,0.00 %,0.00 %
GGOEGAYB113014,Google Youth FC Tee Charcoal,49.99,2.00,2,25.00,1.00,0.00 ,0.00 %,200.00 %
GGOEGAEC119814,Google Tee Dark Blue,49.98,2.00,2,24.99,1.00,0.00 ,0.00 %,0.00 %
GGOEGAEH119715,Google Tee Mint Green,49.98,2.00,2,24.99,1.00,0.00 ,0.00 %,0.00 %
GGOEGAWB113545,Google Infant Charcoal Onesie,49.98,2.00,2,24.99,1.00,0.00 ,0.00 %,0.00 %
GGOEGOCL087799,Google Large Standard Journal Navy,49.59,4.00,4,12.40,1.00,0.00 ,19.86 %,0.27 %
GGOEGAEQ117616,Unisex Google Jumbo Print Tee White,49.30,2.00,2,24.65,1.00,0.00 ,0.00 %,0.00 %
GGOEGAEH104215,Google Tonal Tee Spearmint,48.39,4.00,4,12.10,1.00,0.00 ,0.00 %,0.00 %
GGOEGOCL092999,Google Small Standard Journal Navy,48.07,4.00,4,12.02,1.00,0.00 ,22.20 %,0.33 %
GGOEAAEB091716,Android Tone Hoodie Black,48.00,2.00,2,24.00,1.00,0.00 ,0.00 %,0.00 %
GGOEGCBA139299,Google Lapel Pin,48.00,3.00,6,8.00,2.00,0.00 ,13.13 %,1.52 %
GGOEGAEJ091212,Google Pullover Hoodie Grey,47.99,1.00,1,47.99,1.00,0.00 ,0.00 %,0.00 %
GGOEYDHB086099,YouTube Transmission Bottle Black,47.99,2.00,2,24.00,1.00,0.00 ,10.62 %,0.05 %
GGOEAFBH111099,Android Puzzlebot v2,47.98,3.00,3,15.99,1.00,0.00 ,11.53 %,0.34 %
GGOEGAEJ103415,Google Bike Tee Grey,47.98,2.00,2,23.99,1.00,0.00 ,0.00 %,0.00 %
GGOEAAEJ105410,Android Crew Socks Summer 18,47.97,3.00,3,15.99,1.00,0.00 ,25.16 %,0.62 %
GGOEGHPB120910,Google Leather Strap Hat Black,47.97,3.00,3,15.99,1.00,0.00 ,23.05 %,0.30 %
GGOEGAEJ104412,Google Tonal Tee Slate Grey,46.17,3.00,3,15.39,1.00,0.00 ,0.00 %,0.00 %
GGOEYAEB091814,YouTube Tee Black,46.17,3.00,3,15.39,1.00,0.00 ,0.00 %,0.00 %
GGOEYAXQ089530,YouTube Kids Tee White,45.99,6.00,7,6.57,1.17,0.00 ,0.00 %,0.00 %
GGOEAAEH111014,Android Ugly Sweater,45.00,1.00,1,45.00,1.00,0.00 ,0.00 %,0.00 %
GGOEAAEH111016,Android Ugly Sweater,45.00,1.00,1,45.00,1.00,0.00 ,0.00 %,0.00 %
GGOEAAEH111017,Android Ugly Sweater,45.00,1.00,1,45.00,1.00,0.00 ,0.00 %,0.00 %
GGOEGAEA125610,Google Soft Modal Scarf,45.00,1.00,1,45.00,1.00,0.00 ,11.06 %,0.05 %
GGOEGADB108318,Google Men's Kirkland Pullover,44.10,1.00,1,44.10,1.00,0.00 ,0.00 %,0.00 %
GGOEAALB091515,Android Women's Peace Tee Black,44.00,4.00,4,11.00,1.00,0.00 ,0.00 %,0.00 %
GGOEGADB107918,Google Men's Techie Fleece,44.00,1.00,1,44.00,1.00,0.00 ,0.00 %,0.00 %
GGOEGADJ108014,Google Women's Techie Fleece,44.00,1.00,1,44.00,1.00,0.00 ,0.00 %,0.00 %
GGOEGAEB125313,Google Unisex Pride Eco-Tee Black,44.00,2.00,2,22.00,1.00,0.00 ,0.00 %,0.00 %
GGOEGALB125414,Google Women's Pride Eco-Tee Black,44.00,2.00,2,22.00,1.00,0.00 ,0.00 %,0.00 %
GGOEGALB125415,Google Women's Pride Eco-Tee Black,44.00,2.00,2,22.00,1.00,0.00 ,0.00 %,0.00 %
GGOEGCBR136499,Google Red YoYo,44.00,2.00,11,4.00,5.50,0.00 ,36.36 %,3.03 %
GGOEYAEB120213,YouTube Icon Tee Charcoal,44.00,2.00,2,22.00,1.00,0.00 ,0.00 %,0.00 %
GGOEYAEJ120312,YouTube Icon Tee Grey,44.00,2.00,2,22.00,1.00,0.00 ,0.00 %,0.00 %
GGOEYAEJ120316,YouTube Icon Tee Grey,44.00,2.00,2,22.00,1.00,0.00 ,0.00 %,0.00 %
GGOEYAEJ120317,YouTube Icon Tee Grey,43.99,2.00,2,22.00,1.00,0.00 ,0.00 %,0.00 %
GGOEGAEB102317,Google Black Tee,43.98,2.00,2,21.99,1.00,0.00 ,0.00 %,0.00 %
GGOEGAEB110012,Google Tee F/C Black,43.98,2.00,2,21.99,1.00,0.00 ,0.00 %,0.00 %
GGOEGAEJ103015,Google Tee Grey,43.98,2.00,2,21.99,1.00,0.00 ,0.00 %,0.00 %
GGOEGALB102516,Google Women's Black Tee,43.98,2.00,2,21.99,1.00,0.00 ,0.00 %,0.00 %
GGOEGALB119014,Google Women's Eco Tee Black,43.98,2.00,2,21.99,1.00,0.00 ,0.00 %,0.00 %
GGOEGALJ091015,Google Women's Tee Grey,43.98,2.00,2,21.99,1.00,0.00 ,0.00 %,0.00 %
GGOEAAER110116,Android Diamond Tee,42.49,3.00,3,14.16,1.00,0.00 ,0.00 %,0.00 %
GGOEAAER110118,Android Diamond Tee,42.49,3.00,3,14.16,1.00,0.00 ,0.00 %,0.00 %
GGOEAAER110114,Android Diamond Tee,42.48,2.00,2,21.24,1.00,0.00 ,0.00 %,0.00 %
GGOEYCBA128999,YouTube Icon Bundle,42.00,1.00,1,42.00,1.00,0.00 ,17.73 %,0.71 %
GGOEGAEB091117,Google Zip Hoodie Black,41.99,1.00,1,41.99,1.00,0.00 ,0.00 %,0.00 %
GGOEGAEJ091213,Google Pullover Hoodie Grey,41.99,1.00,1,41.99,1.00,0.00 ,0.00 %,0.00 %
GGOEGAEH104214,Google Tonal Tee Spearmint,41.78,2.00,3,13.93,1.50,0.00 ,0.00 %,0.00 %
GGOEGBJD122299,Google Color Block Tote White,40.99,3.00,3,13.66,1.00,0.00 ,36.44 %,0.31 %
GGOEGHBL101999,Google Twill Sandwich Cap Navy,40.26,4.00,4,10.06,1.00,0.00 ,38.89 %,1.59 %
GGOEGOAH124099,Google Pen Grass Green,40.25,16.00,23,1.75,1.44,0.00 ,55.72 %,4.82 %
GGOEGCVA125199,Google Inverted Umbrella,40.00,1.00,1,40.00,1.00,0.00 ,2.63 %,0.20 %
GGOEGAEB119415,Google Dino Game Tee,39.99,1.00,1,39.99,1.00,0.00 ,0.00 %,0.00 %
GGOEGAEB119416,Google Dino Game Tee,39.99,1.00,1,39.99,1.00,0.00 ,0.00 %,0.00 %
GGOEGAPC109617,Google Women's Outpost Vest,39.99,1.00,1,39.99,1.00,0.00 ,0.00 %,0.00 %
GGOEGDHL108599,Google Tudes Thermal Bottle,39.99,1.00,1,39.99,1.00,0.00 ,9.13 %,0.06 %
GGOEADHH117199,Android Buoy Bottle,39.97,4.00,5,7.99,1.25,0.00 ,13.02 %,0.30 %
GGOEAOCB100699,Android Notebook Set Black,39.92,4.00,8,4.99,2.00,0.00 ,17.30 %,0.67 %
GGOEGAEH110812,Google Shoreline Tonal Crew Olive,38.49,1.00,1,38.49,1.00,0.00 ,0.00 %,0.00 %
GGOEGAEH110813,Google Shoreline Tonal Crew Olive,38.49,1.00,1,38.49,1.00,0.00 ,0.00 %,0.00 %
GGOEGAEH110816,Google Shoreline Tonal Crew Olive,38.49,1.00,1,38.49,1.00,0.00 ,0.00 %,0.00 %
GGOEGAER110712,Google Shoreline Tonal Crew Maroon,38.49,1.00,1,38.49,1.00,0.00 ,0.00 %,0.00 %
GGOEGAER110713,Google Shoreline Tonal Crew Maroon,38.49,1.00,1,38.49,1.00,0.00 ,0.00 %,0.00 %
GGOEGAEQ103114,I am Not a Robot Tee White,37.39,3.00,3,12.46,1.00,0.00 ,0.00 %,0.00 %
GGOEGAEH090613,Google Tee Green,37.38,2.00,2,18.69,1.00,0.00 ,0.00 %,0.00 %
GGOEGAEH090616,Google Tee Green,37.38,2.00,2,18.69,1.00,0.00 ,0.00 %,0.00 %
GGOEGAEJ104414,Google Tonal Tee Slate Grey,37.38,2.00,2,18.69,1.00,0.00 ,0.00 %,0.00 %
GGOEGAEJ104417,Google Tonal Tee Slate Grey,37.38,2.00,2,18.69,1.00,0.00 ,0.00 %,0.00 %
GGOEGAET090514,Google Tee Yellow,37.38,2.00,2,18.69,1.00,0.00 ,0.00 %,0.00 %
GGOEGALQ102614,Google Women's White Tee,37.38,2.00,2,18.69,1.00,0.00 ,0.00 %,0.00 %
GGOEGALQ102615,Google Women's White Tee,37.38,2.00,2,18.69,1.00,0.00 ,0.00 %,0.00 %
GGOEGAEJ096412,Google Crewneck Sweatshirt Grey,36.39,1.00,1,36.39,1.00,0.00 ,0.00 %,0.00 %
GGOEGAEJ096415,Google Crewneck Sweatshirt Grey,36.39,1.00,1,36.39,1.00,0.00 ,0.00 %,0.00 %
GGOEGAEH104216,Google Tonal Tee Spearmint,35.18,1.00,2,17.59,2.00,0.00 ,0.00 %,0.00 %
GGOEGDHG133099,Google KeepCup,35.00,1.00,1,35.00,1.00,0.00 ,6.46 %,0.09 %
GGOEAAEJ110217,Android Mountains Tee,34.98,2.00,2,17.49,1.00,0.00 ,0.00 %,0.00 %
GGOEAAER110115,Android Diamond Tee,34.98,2.00,2,17.49,1.00,0.00 ,0.00 %,0.00 %
GGOEAHPB121010,Android Leather Strap Hat Black,34.00,2.00,2,17.00,1.00,0.00 ,17.62 %,0.21 %
GGOEGDWC122799,Google Campus Bike Corkbase Mug Blue,34.00,2.00,2,17.00,1.00,0.00 ,8.15 %,0.56 %
GGOEGOAC123799,Google Pen Bright Blue,33.25,16.00,19,1.75,1.19,0.00 ,47.41 %,3.31 %
GGOEGAET090512,Google Tee Yellow,32.99,2.00,2,16.50,1.00,0.00 ,0.00 %,0.00 %
GGOEAHPL130910,Android Iconic Hat Green,32.00,2.00,2,16.00,1.00,0.00 ,20.00 %,0.53 %
GGOEYAXQ089528,YouTube Kids Tee White,31.98,4.00,4,8.00,1.00,0.00 ,0.00 %,0.00 %
GGOEYDHR117299,YouTube Buoy Bottle,31.96,2.00,4,7.99,2.00,0.00 ,20.05 %,0.27 %
GGOEGOAP123999,Google Pen Lilac,31.50,13.00,18,1.75,1.38,0.00 ,44.91 %,2.88 %
GGOEGAEJ104012,Google Tudes Recycled Tee,30.99,1.00,1,30.99,1.00,0.00 ,0.00 %,0.00 %
GGOEGAEJ104016,Google Tudes Recycled Tee,30.99,1.00,1,30.99,1.00,0.00 ,0.00 %,33.33 %
GGOEGAEH110616,Google Shoreline Tonal Tee Olive,30.78,2.00,2,15.39,1.00,0.00 ,0.00 %,0.00 %
GGOEGAEJ103013,Google Tee Grey,30.78,2.00,2,15.39,1.00,0.00 ,0.00 %,0.00 %
GGOEGAEJ103017,Google Tee Grey,30.78,2.00,2,15.39,1.00,0.00 ,0.00 %,0.00 %
GGOEGAEJ104117,Google Tonal Tee Fog,30.78,2.00,2,15.39,1.00,0.00 ,0.00 %,0.00 %
GGOEYOCB100499,YouTube Flex Journal Black,30.35,4.00,5,6.07,1.25,0.00 ,15.53 %,0.39 %
GGOEAAEB091713,Android Tone Hoodie Black,30.00,1.00,1,30.00,1.00,0.00 ,0.00 %,0.00 %
GGOEAAEB091714,Android Tone Hoodie Black,30.00,1.00,1,30.00,1.00,0.00 ,0.00 %,0.00 %
GGOEAAEB091715,Android Tone Hoodie Black,30.00,1.00,1,30.00,1.00,0.00 ,0.00 %,0.00 %
GGOEGAAC134415,Google Navy Speckled Tee,30.00,1.00,1,30.00,1.00,0.00 ,0.00 %,100.00 %
GGOEGAAH134313,Google Heather Green Speckled Tee,30.00,1.00,1,30.00,1.00,0.00 ,0.00 %,0.00 %
GGOEGAAH134315,Google Heather Green Speckled Tee,30.00,1.00,1,30.00,1.00,0.00 ,0.00 %,50.00 %
GGOEGAAR134514,Google Red Speckled Tee,30.00,1.00,1,30.00,1.00,0.00 ,0.00 %,0.00 %
GGOEGAAR134516,Google Red Speckled Tee,30.00,1.00,1,30.00,1.00,0.00 ,0.00 %,0.00 %
GGOEGABB137799,Google LoveHandle Black,30.00,3.00,3,10.00,1.00,0.00 ,5.19 %,0.37 %
GGOEGAEB103812,Google F/C Longsleeve Charcoal,30.00,1.00,1,30.00,1.00,0.00 ,0.00 %,0.00 %
GGOEGAYB113113,Google Youth FC Longsleeve Charcoal,30.00,1.00,1,30.00,1.00,0.00 ,0.00 %,0.00 %
GGOEGAYB113115,Google Youth FC Longsleeve Charcoal,30.00,1.00,1,30.00,1.00,0.00 ,0.00 %,0.00 %
GGOEYAXQ089529,YouTube Kids Tee White,30.00,5.00,5,6.00,1.00,0.00 ,0.00 %,0.00 %
GGOEGAEJ103917,Google F/C Longsleeve Ash,29.99,1.00,1,29.99,1.00,0.00 ,0.00 %,0.00 %
GGOEGAEQ120115,Google Unisex 3/4 Raglan Red,29.99,1.00,1,29.99,1.00,0.00 ,0.00 %,0.00 %
GGOEGOAN123899,Google Pen Neon Coral,29.75,15.00,17,1.75,1.13,0.00 ,53.37 %,4.60 %
GGOEAAEL129714,Android Pocket Tee Navy,29.00,1.00,1,29.00,1.00,0.00 ,0.00 %,0.00 %
GGOEAAEL129715,Android Pocket Tee Navy,29.00,1.00,1,29.00,1.00,0.00 ,0.00 %,0.00 %
GGOEGAEJ117514,Unisex Google Pocket Tee Grey,29.00,1.00,1,29.00,1.00,0.00 ,0.00 %,0.00 %
GGOEGAEJ117517,Unisex Google Pocket Tee Grey,29.00,1.00,1,29.00,1.00,0.00 ,0.00 %,0.00 %
GGOEGAEM126414,Android Garden Tee Orange,29.00,1.00,1,29.00,1.00,0.00 ,0.00 %,0.00 %
GGOEGAEQ117312,Unisex Google Striped Tee White,29.00,1.00,1,29.00,1.00,0.00 ,0.00 %,0.00 %
GGOEGAEQ117315,Unisex Google Striped Tee White,29.00,1.00,1,29.00,1.00,0.00 ,0.00 %,0.00 %
GGOEGAEQ117316,Unisex Google Striped Tee White,29.00,1.00,1,29.00,1.00,0.00 ,0.00 %,0.00 %
GGOEGAEQ117612,Unisex Google Jumbo Print Tee White,29.00,2.00,2,14.50,1.00,0.00 ,0.00 %,0.00 %
GGOEGAEJ103912,Google F/C Longsleeve Ash,28.99,1.00,1,28.99,1.00,0.00 ,0.00 %,0.00 %
GGOEYAEB091818,YouTube Tee Black,28.60,3.00,3,9.53,1.00,0.00 ,0.00 %,0.00 %
GGOEYAWQ089749,YouTube Kids Onesie White,28.60,3.00,3,9.53,1.00,0.00 ,0.00 %,0.00 %
GGOEGHPR107110,Google Beanie Maroon,28.48,2.00,2,14.24,1.00,0.00 ,20.10 %,0.50 %
GGOEACBA128899,Android Fanatic Bundle,28.00,1.00,1,28.00,1.00,0.00 ,11.22 %,0.20 %
GGOEAOAL129199,Android Iconic Pen,28.00,4.00,16,1.75,4.00,0.00 ,20.80 %,1.22 %
GGOEGCBR138899,Google Maps Pin,28.00,2.00,4,7.00,2.00,0.00 ,15.59 %,0.68 %
GGOEGABB100999,Google Cloth & Pouch Black,27.96,6.00,7,3.99,1.17,0.00 ,12.15 %,0.36 %
GGOEGDHL116999,Google Campus Bike Bottle,27.00,1.00,1,27.00,1.00,0.00 ,6.39 %,0.20 %
GGOEAALB091517,Android Women's Peace Tee Black,26.40,4.00,4,6.60,1.00,0.00 ,0.00 %,0.00 %
GGOEGAEC090712,Google Tee Blue,26.39,2.00,2,13.20,1.00,0.00 ,0.00 %,0.00 %
GGOEGAEH104212,Google Tonal Tee Spearmint,26.39,2.00,2,13.20,1.00,0.00 ,0.00 %,0.00 %
GGOEGAEH104217,Google Tonal Tee Spearmint,26.39,2.00,2,13.20,1.00,0.00 ,0.00 %,0.00 %
GGOEGAEM104312,Google Tonal Tee Coral,26.39,2.00,2,13.20,1.00,0.00 ,0.00 %,0.00 %
GGOEGAEQ103216,Mind Blown Tee White,26.39,2.00,2,13.20,1.00,0.00 ,0.00 %,0.00 %
GGOEGOAR124299,Google Pen Red,26.25,14.00,15,1.75,1.07,0.00 ,46.30 %,5.19 %
GGOEGDHC098799,Google 16 oz Tumbler Blue,25.98,2.00,2,12.99,1.00,0.00 ,22.73 %,0.16 %
GGOEGDWP122699,Google Campus Corkbase Mug Purple,25.49,3.00,3,8.50,1.00,0.00 ,34.20 %,0.98 %
GGOEGAEC119316,Google Campus Bike Eco Tee Navy,25.00,1.00,1,25.00,1.00,0.00 ,0.00 %,0.00 %
GGOEGAEC119817,Google Tee Dark Blue,25.00,1.00,1,25.00,1.00,0.00 ,0.00 %,0.00 %
GGOEGAEH126718,Stan and Friends Tee Green,25.00,1.00,1,25.00,1.00,0.00 ,0.00 %,0.00 %
GGOEGAEJ140213,Google NYC Campus Unisex Tee,25.00,1.00,1,25.00,1.00,0.00 ,0.00 %,0.00 %
GGOEGAWB113547,Google Infant Charcoal Onesie,25.00,1.00,1,25.00,1.00,0.00 ,0.00 %,0.00 %
GGOEGAWB113552,Google Infant Charcoal Onesie,25.00,1.00,1,25.00,1.00,0.00 ,0.00 %,0.00 %
GGOEGAXB113328,Google Toddler FC Tee Charcoal,25.00,1.00,1,25.00,1.00,0.00 ,0.00 %,0.00 %
GGOEGAYQ118012,Youth Jumbo Print Tee White,25.00,1.00,1,25.00,1.00,0.00 ,0.00 %,0.00 %
GGOEGAYQ118014,Youth Jumbo Print Tee White,25.00,1.00,1,25.00,1.00,0.00 ,0.00 %,0.00 %
GGOEAAEH119113,Android Dino Buddies Tee Green,24.99,1.00,1,24.99,1.00,0.00 ,0.00 %,0.00 %
GGOEAAEH119114,Android Dino Buddies Tee Green,24.99,1.00,1,24.99,1.00,0.00 ,0.00 %,0.00 %
GGOEAAEH119115,Android Dino Buddies Tee Green,24.99,1.00,1,24.99,1.00,0.00 ,0.00 %,0.00 %
GGOEAAEJ110212,Android Mountains Tee,24.99,1.00,1,24.99,1.00,0.00 ,0.00 %,0.00 %
GGOEAAEJ119214,Android Dino Buddies Tee Grey,24.99,1.00,1,24.99,1.00,0.00 ,0.00 %,0.00 %
GGOEAAEJ119215,Android Dino Buddies Tee Grey,24.99,1.00,1,24.99,1.00,0.00 ,0.00 %,0.00 %
GGOEAAEJ119216,Android Dino Buddies Tee Grey,24.99,1.00,1,24.99,1.00,0.00 ,0.00 %,0.00 %
GGOEAAER110112,Android Diamond Tee,24.99,1.00,1,24.99,1.00,0.00 ,0.00 %,0.00 %
GGOEGAAQ119913,Google Unisex Ringer Tee,24.99,1.00,1,24.99,1.00,0.00 ,0.00 %,0.00 %
GGOEGAAQ119914,Google Unisex Ringer Tee,24.99,1.00,1,24.99,1.00,0.00 ,0.00 %,0.00 %
GGOEGAAQ119917,Google Unisex Ringer Tee,24.99,1.00,1,24.99,1.00,0.00 ,0.00 %,0.00 %
GGOEGAEC119616,Google Mountain View Tee Blue,24.99,1.00,1,24.99,1.00,0.00 ,0.00 %,0.00 %
GGOEGAEH119713,Google Tee Mint Green,24.99,1.00,1,24.99,1.00,0.00 ,0.00 %,0.00 %
GGOEGAXB113330,Google Toddler FC Tee Charcoal,24.99,1.00,1,24.99,1.00,0.00 ,0.00 %,0.00 %
GGOEGHGA118499,Google Red Kids Sunglasses,24.95,3.00,5,4.99,1.67,0.00 ,29.74 %,0.33 %
GGOEADHB129299,Android Iconic Bottle Black,24.00,1.00,1,24.00,1.00,0.00 ,17.06 %,0.29 %
GGOEGAPC109618,Google Women's Outpost Vest,24.00,1.00,1,24.00,1.00,0.00 ,0.00 %,0.00 %
GGOEGAXQ134628,Google Toddler Tee White,24.00,1.00,1,24.00,1.00,0.00 ,0.00 %,0.00 %
GGOEGAXQ134630,Google Toddler Tee White,24.00,1.00,1,24.00,1.00,0.00 ,0.00 %,0.00 %
GGOEGAYC135813,Google Youth Badge Tee Navy,24.00,1.00,1,24.00,1.00,0.00 ,0.00 %,0.00 %
GGOEGAYJ136014,Google Youth Hero Tee Grey,24.00,1.00,1,24.00,1.00,0.00 ,0.00 %,0.00 %
GGOEGAEJ103414,Google Bike Tee Grey,23.99,1.00,1,23.99,1.00,0.00 ,0.00 %,0.00 %
GGOEGAEJ103417,Google Bike Tee Grey,23.99,1.00,1,23.99,1.00,0.00 ,0.00 %,0.00 %
GGOEGDHC087099,Google Thermal Bottle Blue,23.99,1.00,1,23.99,1.00,0.00 ,21.32 %,0.13 %
GGOEGDHH087299,Google Thermal Bottle Green,23.99,1.00,1,23.99,1.00,0.00 ,36.18 %,0.34 %
GGOEGDHT087199,Google Thermal Bottle Yellow,23.99,1.00,1,23.99,1.00,0.00 ,32.04 %,0.32 %
GGOEGABC099399,Google Clip-On Flashlight Lantern Blue,23.97,2.00,3,7.99,1.50,0.00 ,14.29 %,0.61 %
GGOEAAXL129928,Android Pocket Toddler Tee Navy,23.00,1.00,1,23.00,1.00,0.00 ,0.00 %,0.00 %
GGOEAAXQ129828,Android Pocket Toddler Tee White,23.00,1.00,1,23.00,1.00,0.00 ,0.00 %,0.00 %
GGOEAALB091513,Android Women's Peace Tee Black,22.00,2.00,2,11.00,1.00,0.00 ,0.00 %,0.00 %
GGOEAAWL130145,Android Pocket Onesie Navy,22.00,1.00,1,22.00,1.00,0.00 ,0.00 %,0.00 %
GGOEGAAB118917,Google Unisex Eco Tee Black,22.00,1.00,1,22.00,1.00,0.00 ,0.00 %,0.00 %
GGOEGAEB102312,Google Black Tee,22.00,1.00,2,11.00,2.00,0.00 ,0.00 %,0.00 %
GGOEGAEB125314,Google Unisex Pride Eco-Tee Black,22.00,1.00,1,22.00,1.00,0.00 ,0.00 %,0.00 %
GGOEGAEQ103115,I am Not a Robot Tee White,22.00,2.00,2,11.00,1.00,0.00 ,0.00 %,0.00 %
GGOEGAEQ103116,I am Not a Robot Tee White,22.00,2.00,2,11.00,1.00,0.00 ,0.00 %,0.00 %
GGOEGAEQ103213,Mind Blown Tee White,22.00,2.00,2,11.00,1.00,0.00 ,0.00 %,0.00 %
GGOEGALB125416,Google Women's Pride Eco-Tee Black,22.00,1.00,1,22.00,1.00,0.00 ,0.00 %,0.00 %
GGOEYAEB120217,YouTube Icon Tee Charcoal,22.00,1.00,1,22.00,1.00,0.00 ,0.00 %,0.00 %
GGOEYAEB120218,YouTube Icon Tee Charcoal,22.00,1.00,1,22.00,1.00,0.00 ,0.00 %,0.00 %
GGOEYAEJ120314,YouTube Icon Tee Grey,22.00,1.00,1,22.00,1.00,0.00 ,0.00 %,0.00 %
GGOEADHB098899,Android 16 oz Tumbler Black,21.99,1.00,1,21.99,1.00,0.00 ,11.36 %,0.16 %
GGOEGAAB118912,Google Unisex Eco Tee Black,21.99,1.00,1,21.99,1.00,0.00 ,0.00 %,0.00 %
GGOEGAAB118913,Google Unisex Eco Tee Black,21.99,1.00,1,21.99,1.00,0.00 ,0.00 %,0.00 %
GGOEGAER090418,Google Tee Red,21.99,1.00,1,21.99,1.00,0.00 ,0.00 %,0.00 %
GGOEGALB119016,Google Women's Eco Tee Black,21.99,1.00,1,21.99,1.00,0.00 ,0.00 %,0.00 %
GGOEYAEB120212,YouTube Icon Tee Charcoal,21.99,1.00,1,21.99,1.00,0.00 ,0.00 %,0.00 %
GGOEYAEJ120313,YouTube Icon Tee Grey,21.99,1.00,1,21.99,1.00,0.00 ,0.00 %,0.00 %
GGOEYALQ091914,YouTube Women's Favorite Tee White,21.99,1.00,1,21.99,1.00,0.00 ,0.00 %,0.00 %
GGOEGHPJ107510,Google Tracking Hat,20.99,1.00,1,20.99,1.00,0.00 ,7.54 %,0.18 %
GGOEGAEQ117313,Unisex Google Striped Tee White,20.30,1.00,1,20.30,1.00,0.00 ,0.00 %,0.00 %
GGOEGAEQ117413,Unisex Google Color Block Tee White,20.30,1.00,1,20.30,1.00,0.00 ,0.00 %,0.00 %
GGOEGAEQ117414,Unisex Google Color Block Tee White,20.30,1.00,1,20.30,1.00,0.00 ,0.00 %,0.00 %
GGOEAHPJ131210,Android Iconic Beanie,20.00,2.00,2,10.00,1.00,0.00 ,11.33 %,1.33 %
GGOEGAEH126716,Stan and Friends Tee Green,20.00,1.00,1,20.00,1.00,0.00 ,0.00 %,0.00 %
GGOEGAEJ135510,Google Speckled Beanie Grey,20.00,1.00,1,20.00,1.00,0.00 ,24.68 %,0.25 %
GGOEGOLA127499,Google Mural Sticky Note Pad,20.00,1.00,1,20.00,1.00,0.00 ,7.19 %,0.36 %
GGOEAAEJ110216,Android Mountains Tee,19.99,1.00,1,19.99,1.00,0.00 ,0.00 %,0.00 %
GGOEGAPL087999,Google Snapback Navy Cap,19.99,1.00,1,19.99,1.00,0.00 ,14.35 %,0.15 %
GGOEADHB086299,Android Trace Mug Black,19.98,2.00,2,9.99,1.00,0.00 ,20.75 %,0.19 %
GGOEGOCA121699,Google Confetti Slim Task Pad,19.98,3.00,3,6.66,1.00,0.00 ,14.52 %,0.40 %
GGOEYAXQ089555,YouTube Kids Tee White,19.98,2.00,2,9.99,1.00,0.00 ,0.00 %,0.00 %
GGOEGHGA118599,Google Blue Kids Sunglasses,19.97,4.00,4,4.99,1.00,0.00 ,33.42 %,0.98 %
GGOEGOAH124199,Google Pen Citron,19.25,10.00,11,1.75,1.10,0.00 ,57.23 %,5.78 %
GGOEGAYC117814,Youth Google Pocket Tee Blue,18.20,1.00,1,18.20,1.00,0.00 ,0.00 %,33.33 %
GGOEAAEB091718,Android Tone Hoodie Black,18.00,1.00,1,18.00,1.00,0.00 ,0.00 %,0.00 %
GGOEAAYJ106424,Android Skate Kids Tee,17.50,1.00,1,17.50,1.00,0.00 ,0.00 %,0.00 %
GGOEAAEH110315,Android Hexagon Tee,17.49,1.00,1,17.49,1.00,0.00 ,0.00 %,0.00 %
GGOEAAEH110318,Android Hexagon Tee,17.49,1.00,1,17.49,1.00,0.00 ,0.00 %,0.00 %
GGOEAAEJ110215,Android Mountains Tee,17.49,1.00,1,17.49,1.00,0.00 ,0.00 %,0.00 %
GGOEAAYC112913,Android Youth Explorer Tee,17.49,1.00,1,17.49,1.00,0.00 ,0.00 %,0.00 %
GGOEADWJ129399,Android Iconic Mug Gray,17.00,1.00,1,17.00,1.00,0.00 ,20.19 %,0.19 %
GGOEGDWH127899,Google Mural Mug,17.00,1.00,1,17.00,1.00,0.00 ,14.54 %,0.07 %
GGOEGDWP122699,Campus Corkbase Mug Purple,16.99,1.00,1,16.99,1.00,0.00 ,18.00 %,0.29 %
GGOEAHPL131010,Android Iconic Hat White,16.00,1.00,1,16.00,1.00,0.00 ,20.28 %,0.46 %
GGOEGBBJ131999,Google Cork Pencil Pouch,16.00,2.00,2,8.00,1.00,0.00 ,7.35 %,1.47 %
GGOEGOAB131499,Google Recycled Pen Black,16.00,4.00,8,2.00,2.00,0.00 ,19.04 %,0.96 %
GGOEAOCB092799,Android Large Trace Journal Black,15.99,1.00,1,15.99,1.00,0.00 ,10.49 %,0.33 %
GGOEACBA104999,Android Hipster Pin,15.98,2.00,2,7.99,1.00,0.00 ,18.18 %,0.37 %
GGOEYAWQ089748,YouTube Kids Onesie White,15.60,2.00,2,7.80,1.00,0.00 ,0.00 %,0.00 %
GGOEGAEH090612,Google Tee Green,15.40,1.00,1,15.40,1.00,0.00 ,0.00 %,0.00 %
GGOEGAEH090615,Google Tee Green,15.39,1.00,1,15.39,1.00,0.00 ,0.00 %,0.00 %
GGOEGAEH110613,Google Shoreline Tonal Tee Olive,15.39,1.00,1,15.39,1.00,0.00 ,0.00 %,0.00 %
GGOEGAEH110614,Google Shoreline Tonal Tee Olive,15.39,1.00,1,15.39,1.00,0.00 ,0.00 %,0.00 %
GGOEGAEJ103016,Google Tee Grey,15.39,1.00,1,15.39,1.00,0.00 ,0.00 %,0.00 %
GGOEGAEJ104115,Google Tonal Tee Fog,15.39,1.00,1,15.39,1.00,0.00 ,0.00 %,0.00 %
GGOEGAEJ104118,Google Tonal Tee Fog,15.39,1.00,1,15.39,1.00,0.00 ,0.00 %,0.00 %
GGOEGAEJ104413,Google Tonal Tee Slate Grey,15.39,1.00,1,15.39,1.00,0.00 ,0.00 %,0.00 %
GGOEGAEJ104415,Google Tonal Tee Slate Grey,15.39,1.00,1,15.39,1.00,0.00 ,0.00 %,0.00 %
GGOEGAEL090816,Google Bike Tee Navy,15.39,1.00,1,15.39,1.00,0.00 ,0.00 %,0.00 %
GGOEGAEQ103215,Mind Blown Tee White,15.39,1.00,1,15.39,1.00,0.00 ,0.00 %,0.00 %
GGOEGAER110512,Google Shoreline Tonal Tee Maroon,15.39,1.00,1,15.39,1.00,0.00 ,0.00 %,0.00 %
GGOEGAER110513,Google Shoreline Tonal Tee Maroon,15.39,1.00,1,15.39,1.00,0.00 ,0.00 %,0.00 %
GGOEGAER110515,Google Shoreline Tonal Tee Maroon,15.39,1.00,1,15.39,1.00,0.00 ,0.00 %,0.00 %
GGOEGAET090515,Google Tee Yellow,15.39,1.00,1,15.39,1.00,0.00 ,0.00 %,0.00 %
GGOEGAET090517,Google Tee Yellow,15.39,1.00,1,15.39,1.00,0.00 ,0.00 %,0.00 %
GGOEGCBC136599,Google Blue YoYo,15.20,4.00,4,3.80,1.00,0.00 ,32.56 %,9.30 %
GGOEAFKQ130699,Android Iconic Sticker Sheet,15.00,1.00,5,3.00,5.00,0.00 ,16.22 %,0.90 %
GGOEGFKA086699,Google Emoji Sticker Pack,14.97,3.00,3,4.99,1.00,0.00 ,42.32 %,0.87 %
GGOEGAAQ117715,Google Striped Tank,14.50,1.00,1,14.50,1.00,0.00 ,0.00 %,100.00 %
GGOEGAEQ117415,Unisex Google Color Block Tee White,14.50,1.00,1,14.50,1.00,0.00 ,0.00 %,0.00 %
GGOEGAYC117812,Youth Google Pocket Tee Blue,13.00,1.00,1,13.00,1.00,0.00 ,0.00 %,0.00 %
GGOEGAYR118712,Youth Google Pocket Tee Red,13.00,1.00,1,13.00,1.00,0.00 ,0.00 %,0.00 %
GGOEGOCA121799,Google Campus Bike Grid Task Pad,13.00,1.00,1,13.00,1.00,0.00 ,16.09 %,0.13 %
GGOEGBBD122099,Google Confetti Accessory Pouch,12.99,1.00,1,12.99,1.00,0.00 ,18.76 %,0.13 %
GGOEWFKA083099,Waze Mood Happy Window Decal,12.60,2.00,21,0.60,10.50,0.00 ,42.29 %,1.14 %
GGOEAAER110117,Android Diamond Tee,12.50,1.00,1,12.50,1.00,0.00 ,0.00 %,0.00 %
GGOEAAYC112915,Android Youth Explorer Tee,12.50,1.00,1,12.50,1.00,0.00 ,0.00 %,0.00 %
GGOEAAYC112916,Android Youth Explorer Tee,12.50,1.00,1,12.50,1.00,0.00 ,0.00 %,0.00 %
GGOEAAYQ112715,Android Youth Circle Tee,12.50,1.00,1,12.50,1.00,0.00 ,0.00 %,0.00 %
GGCOGAEC100617,#IamRemarkable Unisex T-Shirt,12.00,1.00,1,12.00,1.00,0.00 ,0.00 %,0.00 %
GGOEGCKJ132999,Google Felt Strap Keyring,12.00,1.00,1,12.00,1.00,0.00 ,6.78 %,0.85 %
GGOEGOAD131399,Google Recycled Writing Set,12.00,2.00,2,6.00,1.00,0.00 ,12.24 %,0.70 %
GGOEGOCB131799,Google Black Cork Journal,12.00,1.00,1,12.00,1.00,0.00 ,4.50 %,0.25 %
GGOEGOAC089999,Google Light Pen Blue,11.96,1.00,4,2.99,4.00,0.00 ,33.71 %,0.57 %
GGOEGOCC100299,Google Flex Journal Blue,11.18,2.00,2,5.59,1.00,0.00 ,18.61 %,0.40 %
GGOEAAEQ091617,Android Matrix Tee White,11.00,1.00,1,11.00,1.00,0.00 ,0.00 %,0.00 %
GGOEGAEB102318,Google Black Tee,11.00,1.00,1,11.00,1.00,0.00 ,0.00 %,0.00 %
GGOEGAEJ103012,Google Tee Grey,11.00,1.00,1,11.00,1.00,0.00 ,0.00 %,0.00 %
GGOEGAEJ104112,Google Tonal Tee Fog,11.00,1.00,1,11.00,1.00,0.00 ,0.00 %,0.00 %
GGOEGAEQ103217,Mind Blown Tee White,11.00,1.00,1,11.00,1.00,0.00 ,0.00 %,0.00 %
GGOEGAER090412,Google Tee Red,11.00,1.00,1,11.00,1.00,0.00 ,0.00 %,0.00 %
GGOEYALQ091916,YouTube Women's Favorite Tee White,11.00,1.00,1,11.00,1.00,0.00 ,0.00 %,0.00 %
GGOEYALQ091917,YouTube Women's Favorite Tee White,11.00,1.00,1,11.00,1.00,0.00 ,0.00 %,0.00 %
GGOEWFKA082999,Waze Baby on Board Window Decal,10.80,9.00,12,0.90,1.33,0.00 ,31.60 %,1.42 %
GGOEGCKA126299,Google Pride Sticker,10.50,9.00,14,0.75,1.56,0.00 ,30.86 %,1.11 %
GGOEGDBJ132299,Stainless Bent Straw/Cleaner,10.50,2.00,3,3.50,1.50,0.00 ,8.96 %,1.00 %
GGOEGDBJ132399,Stainless Straight Straw/Cleaner,10.50,2.00,3,3.50,1.50,0.00 ,2.70 %,1.80 %
GGOEGCBA139099,Google Emoji Magnet Set,10.00,1.00,1,10.00,1.00,0.00 ,3.80 %,1.27 %
GGOEABJK099899,Android Small Tote Canvas,9.99,1.00,1,9.99,1.00,0.00 ,19.61 %,0.98 %
GGOEGAXL089428,Google Protector Tee Navy,9.99,1.00,1,9.99,1.00,0.00 ,0.00 %,0.00 %
GGOEGAXL089429,Google Protector Tee Navy,9.99,1.00,1,9.99,1.00,0.00 ,32.79 %,0.82 %
GGOEGAXP089328,Google Flower Tee Purple,9.99,1.00,1,9.99,1.00,0.00 ,0.00 %,0.00 %
GGOEGAXP089329,Google Flower Tee Purple,9.99,1.00,1,9.99,1.00,0.00 ,0.00 %,0.00 %
GGOEWALJ083413,Waze Women's Typography Short Sleeve Tee,9.49,1.00,1,9.49,1.00,0.00 ,0.00 %,0.00 %
GGOEGAKA126399,Google Mural Sticker Sheet,9.00,2.00,3,3.00,1.50,0.00 ,7.75 %,0.74 %
GGOEYCBR138999,YouTube Iconic Play Pin,8.00,1.00,1,8.00,1.00,0.00 ,14.43 %,0.12 %
GGOEACBA104699,Android Lumberjack Pin,7.99,1.00,1,7.99,1.00,0.00 ,17.90 %,0.14 %
GGOEACBA104799,Android Surfer Pin,7.99,1.00,1,7.99,1.00,0.00 ,22.00 %,0.22 %
GGOEACBA104899,Android Geek Pin,7.99,1.00,1,7.99,1.00,0.00 ,20.56 %,0.28 %
GGOEYAWQ089750,YouTube Kids Onesie White,7.80,1.00,1,7.80,1.00,0.00 ,0.00 %,0.00 %
GGOEGCBQ098999,Google Lip Balm & Sanitizer Duo,6.99,1.00,1,6.99,1.00,0.00 ,14.67 %,0.06 %
GGOEGAEQ103112,I am Not a Robot Tee White,6.60,1.00,1,6.60,1.00,0.00 ,0.00 %,0.00 %
GGOEWFKA083299,Waze Mood Ninja Window Decal,6.60,7.00,11,0.60,1.57,0.00 ,46.95 %,4.27 %
GGOEGBBD121999,Google Striped Penny Pouch,6.30,1.00,1,6.30,1.00,0.00 ,16.86 %,0.19 %
GGOEGOAH131599,Google Recycled Pen Green,6.00,3.00,3,2.00,1.00,0.00 ,17.80 %,2.54 %
GGOEWALJ082714,Waze Women's Short Sleeve Tee,5.70,1.00,1,5.70,1.00,0.00 ,0.00 %,0.00 %
GGOEWALJ082715,Waze Women's Short Sleeve Tee,5.70,1.00,1,5.70,1.00,0.00 ,0.00 %,0.00 %
GGOEAFKQ130599,Android Iconic 4&quot; Decal,4.50,2.00,3,1.50,1.50,0.00 ,0.00 %,2.30 %
GGOEGBGJ132699,Google Tech Taco,4.00,1.00,1,4.00,1.00,0.00 ,12.50 %,0.17 %
GGOEGCBH136399,Google Green YoYo,4.00,1.00,1,4.00,1.00,0.00 ,23.64 %,0.91 %
GGOEGCBT136699,Google Yellow YoYo,4.00,1.00,1,4.00,1.00,0.00 ,32.00 %,2.00 %
GGOEGCKB140599,Google NYC Campus Sticker,4.00,2.00,2,2.00,1.00,0.00 ,16.67 %,3.70 %
GGOEGPJC019099,Google Dog Frisbee,3.00,2.00,2,1.50,1.00,0.00 ,11.84 %,2.63 %
GGOEWFKA083199,Waze Mood Original Window Decal,3.00,4.00,5,0.60,1.25,0.00 ,47.47 %,4.04 %
GGOEGFKQ020799,Google Doodle Decal,2.99,1.00,1,2.99,1.00,0.00 ,32.05 %,0.64 %
GGOEAFKQ020499,8 pc Android Sticker Sheet,1.99,1.00,1,1.99,1.00,0.00 ,59.23 %,0.77 %
GGCOGBJC100999,#IamRemarkable Tote,0.00,0.00,0,0.00,0.00,0.00 ,20.83 %,0.00 %
GGCOGCBC101399,#IamRemarkable Lapel Pin,0.00,0.00,0,0.00,0.00,0.00 ,33.33 %,0.00 %
GGCOGDHC101099,#IamRemarkable Water Bottle,0.00,0.00,0,0.00,0.00,0.00 ,32.93 %,0.00 %
GGCOGOAC101259,#IamRemarkable Pen,0.00,0.00,0,0.00,0.00,0.00 ,4.55 %,0.00 %
GGCOGOCC101199,#IamRemarkable Journal,0.00,0.00,0,0.00,0.00,0.00 ,14.63 %,0.00 %
GGCOGXXX1006,#IamRemarkable Unisex T-Shirt,0.00,0.00,0,0.00,0.00,0.00 ,31.58 %,0.00 %
GGCOGXXX1007,#IamRemarkable Ladies T-Shirt,0.00,0.00,0,0.00,0.00,0.00 ,57.89 %,0.00 %
GGCOGXXX1008,#IamRemarkable Unisex Hoodie,0.00,0.00,0,0.00,0.00,0.00 ,4.00 %,0.00 %
GGOEAAEJ105410,Android Crew Socks,0.00,0.00,0,0.00,0.00,0.00 ,36.21 %,0.00 %
GGOEAAEL130816,Android Iconic Crew,0.00,0.00,0,0.00,0.00,0.00 ,7.14 %,0.00 %
GGOEAAEL130817,Android Iconic Crew,0.00,0.00,0,0.00,0.00,0.00 ,16.67 %,0.00 %
GGOEAAEL130818,Android Iconic Crew,0.00,0.00,0,0.00,0.00,0.00 ,16.67 %,0.00 %
GGOEAAKQ137410,Android Iconic Socks,0.00,0.00,0,0.00,0.00,0.00 ,12.99 %,0.00 %
GGOEAALB103916,Android Women's Pride Tee,0.00,0.00,0,0.00,0.00,0.00 ,5.94 %,0.00 %
GGOEACBA129599,Android Iconic Pin,0.00,0.00,0,0.00,0.00,0.00 ,35.38 %,0.00 %
GGOEADHH129499,Android Iconic Glass Bottle Green,0.00,0.00,0,0.00,0.00,0.00 ,6.90 %,0.00 %
GGOEAEGH100899,Android Cable Organizer Green,0.00,0.00,0,0.00,0.00,0.00 ,27.35 %,0.00 %
GGOEAFBA115299,Candy Cane Android Cardboard Sculpture,0.00,0.00,0,0.00,0.00,0.00 ,5.01 %,0.00 %
GGOEAFBA115399,Snowflake Android Cardboard Sculpture,0.00,0.00,0,0.00,0.00,0.00 ,9.04 %,0.00 %
GGOEAFDH105799,Android Cardboard Sculpture,0.00,0.00,0,0.00,0.00,0.00 ,9.54 %,0.00 %
GGOEAFKQ130599,"Android Iconic 4"" Decal",0.00,0.00,0,0.00,0.00,0.00 ,20.41 %,0.00 %
GGOEAHPB131110,Android Iconic Hat Black,0.00,0.00,0,0.00,0.00,0.00 ,12.43 %,0.00 %
GGOEAOAA101599,Android Gel Pen 2-Pack,0.00,0.00,0,0.00,0.00,0.00 ,25.00 %,0.00 %
GGOEAOCB092899,Android Small Trace Journal Black,0.00,0.00,0,0.00,0.00,0.00 ,12.03 %,0.00 %
GGOEAOCQ100399,Android Flex Journal White,0.00,0.00,0,0.00,0.00,0.00 ,4.75 %,0.00 %
GGOEAOLL130799,Android Iconic Notebook,0.00,0.00,0,0.00,0.00,0.00 ,6.97 %,0.00 %
GGOEAXXX1033,Android World Cup Tee,0.00,0.00,0,0.00,0.00,0.00 ,3.56 %,0.00 %
GGOEAXXX1039,Android Women's Pride Tee,0.00,0.00,0,0.00,0.00,0.00 ,50.00 %,0.00 %
GGOEAXXX1062,Android Islands Kids Tee,0.00,0.00,0,0.00,0.00,0.00 ,16.03 %,0.00 %
GGOEAXXX1063,Android Pride Kids Tee,0.00,0.00,0,0.00,0.00,0.00 ,9.09 %,0.00 %
GGOEAXXX1064,Android Skate Kids Tee,0.00,0.00,0,0.00,0.00,0.00 ,18.44 %,0.00 %
GGOEAXXX1065,Android Swim Kids Tee,0.00,0.00,0,0.00,0.00,0.00 ,15.59 %,0.00 %
GGOEAXXX1097,Android Moffet Jacket,0.00,0.00,0,0.00,0.00,0.00 ,8.68 %,0.00 %
GGOEAXXX1098,Android Women's Grid Zip-Up,0.00,0.00,0,0.00,0.00,0.00 ,6.30 %,0.00 %
GGOEAXXX1101,Android Diamond Tee,0.00,0.00,0,0.00,0.00,0.00 ,13.43 %,0.00 %
GGOEAXXX1102,Android Mountains Tee,0.00,0.00,0,0.00,0.00,0.00 ,5.68 %,0.00 %
GGOEAXXX1103,Android Hexagon Tee,0.00,0.00,0,0.00,0.00,0.00 ,8.33 %,0.00 %
GGOEAXXX1110,Android Ugly Sweater,0.00,0.00,0,0.00,0.00,0.00 ,13.88 %,0.00 %
GGOEAXXX1127,Android Youth Circle Tee,0.00,0.00,0,0.00,0.00,0.00 ,17.70 %,0.00 %
GGOEAXXX1128,Android Youth Diamond Tee,0.00,0.00,0,0.00,0.00,0.00 ,17.00 %,0.00 %
GGOEAXXX1129,Android Youth Explorer Tee,0.00,0.00,0,0.00,0.00,0.00 ,10.97 %,0.00 %
GGOEAXXX1132,Android Toddler Circle Tee,0.00,0.00,0,0.00,0.00,0.00 ,21.26 %,0.00 %
GGOEAXXX1134,Android Infant Cozy Onesie,0.00,0.00,0,0.00,0.00,0.00 ,38.46 %,0.00 %
GGOEAXXX1191,Android Dino Buddies Tee Green,0.00,0.00,0,0.00,0.00,0.00 ,23.53 %,0.00 %
GGOEAXXX1192,Android Dino Buddies Tee Grey,0.00,0.00,0,0.00,0.00,0.00 ,8.60 %,0.00 %
GGOEAXXX1205,Android Unisex Track Jacket Black,0.00,0.00,0,0.00,0.00,0.00 ,7.06 %,0.00 %
GGOEAXXX1206,Android Coach's Jacket Black,0.00,0.00,0,0.00,0.00,0.00 ,4.62 %,0.00 %
GGOEAXXX1206,Android Coachâ€™s Jacket Black,0.00,0.00,0,0.00,0.00,0.00 ,0.88 %,0.00 %
GGOEAXXX1296,Android Pocket Tee Green,0.00,0.00,0,0.00,0.00,0.00 ,9.59 %,0.00 %
GGOEAXXX1297,Android Pocket Tee Navy,0.00,0.00,0,0.00,0.00,0.00 ,14.04 %,0.00 %
GGOEAXXX1298,Android Pocket Toddler Tee White,0.00,0.00,0,0.00,0.00,0.00 ,22.50 %,0.00 %
GGOEAXXX1299,Android Pocket Toddler Tee Navy,0.00,0.00,0,0.00,0.00,0.00 ,14.58 %,0.00 %
GGOEAXXX1300,Android Pocket Onesie White,0.00,0.00,0,0.00,0.00,0.00 ,20.45 %,0.00 %
GGOEAXXX1301,Android Pocket Onesie Navy,0.00,0.00,0,0.00,0.00,0.00 ,22.78 %,0.00 %
GGOEAXXX1302,Android Pocket Youth Tee Green,0.00,0.00,0,0.00,0.00,0.00 ,6.25 %,0.00 %
GGOEAXXX1303,Android Pocket Youth Tee Navy,0.00,0.00,0,0.00,0.00,0.00 ,2.17 %,0.00 %
GGOEAXXX1308,Android Iconic Crew,0.00,0.00,0,0.00,0.00,0.00 ,6.74 %,0.00 %
GGOEAXXX1308,Android Iconic Crewneck Sweatshirt,0.00,0.00,0,0.00,0.00,0.00 ,8.12 %,0.00 %
GGOEGAAX0037,Google Sunglasses,0.00,0.00,0,0.00,0.00,0.00 ,10.99 %,0.00 %
GGOEGAAX0567,Google Men's Softshell Jacket Black/Grey,0.00,0.00,0,0.00,0.00,0.00 ,4.91 %,0.00 %
GGOEGAEJ118212,Google Summer19 Crew Grey,0.00,0.00,0,0.00,0.00,0.00 ,20.00 %,0.00 %
GGOEGAMC088199,Google Cappy Bib Blue,0.00,0.00,0,0.00,0.00,0.00 ,41.49 %,0.00 %
GGOEGAMC088399,Google Mustachio Bib Blue,0.00,0.00,0,0.00,0.00,0.00 ,82.61 %,0.00 %
GGOEGAMQ088099,Google Cappy Bib White,0.00,0.00,0,0.00,0.00,0.00 ,47.74 %,0.00 %
GGOEGAMQ088299,Google Mustachio Bib White,0.00,0.00,0,0.00,0.00,0.00 ,23.81 %,0.00 %
GGOEGAMR088499,Google Standard Bib Red,0.00,0.00,0,0.00,0.00,0.00 ,48.10 %,0.00 %
GGOEGAWJ088748,Google Standard Onesie Grey,0.00,0.00,0,0.00,0.00,0.00 ,26.83 %,0.00 %
GGOEGAWJ088753,Google Standard Onesie Grey,0.00,0.00,0,0.00,0.00,0.00 ,40.74 %,0.00 %
GGOEGAXN139410,Google Mural Socks,0.00,0.00,0,0.00,0.00,0.00 ,30.91 %,0.00 %
GGOEGBBD132599,Google Sustainable Pencil Pouch,0.00,0.00,0,0.00,0.00,0.00 ,8.09 %,0.00 %
GGOEGBBJ132799,Google Felt Luggage Tag,0.00,0.00,0,0.00,0.00,0.00 ,14.29 %,0.00 %
GGOEGBJA127699,Google Mural Tote,0.00,0.00,0,0.00,0.00,0.00 ,8.42 %,0.00 %
GGOEGBJC137099,Google Totepak,0.00,0.00,0,0.00,0.00,0.00 ,2.15 %,0.00 %
GGOEGBJD122199,Google Confetti Tote White,0.00,0.00,0,0.00,0.00,0.00 ,24.46 %,0.00 %
GGOEGBJD133999,Google Cambridge Campus Tote,0.00,0.00,0,0.00,0.00,0.00 ,2.50 %,0.00 %
GGOEGBJD140699,Google NYC Campus Tote,0.00,0.00,0,0.00,0.00,0.00 ,2.41 %,0.00 %
GGOEGBJD141499,Google Chicago Campus Tote,0.00,0.00,0,0.00,0.00,0.00 ,5.26 %,0.00 %
GGOEGBJH131899,Google Hemp Tote,0.00,0.00,0,0.00,0.00,0.00 ,2.82 %,0.00 %
GGOEGBRB105199,Google Rolltop Backpack Reflective,0.00,0.00,0,0.00,0.00,0.00 ,4.63 %,0.00 %
GGOEGCBA128699,Google Confetti Bundle,0.00,0.00,0,0.00,0.00,0.00 ,1.63 %,0.00 %
GGOEGCBA128799,Google Campus Bike Bundle,0.00,0.00,0,0.00,0.00,0.00 ,4.71 %,0.00 %
GGOEGCBA129099,Googler Starter Pack,0.00,0.00,0,0.00,0.00,0.00 ,5.66 %,0.00 %
GGOEGCBB139999,Google NYC Campus Lapel Pin,0.00,0.00,0,0.00,0.00,0.00 ,4.41 %,0.00 %
GGOEGCBC140799,Google Chicago Campus Lapel Pin,0.00,0.00,0,0.00,0.00,0.00 ,27.27 %,0.00 %
GGOEGCBD142099,Google Cork Card Holder,0.00,0.00,0,0.00,0.00,0.00 ,5.88 %,0.00 %
GGOEGCBD142199,Google Cork Passport Holder,0.00,0.00,0,0.00,0.00,0.00 ,13.04 %,0.00 %
GGOEGCBD142299,Google Cork Tablet Case,0.00,0.00,0,0.00,0.00,0.00 ,7.41 %,0.00 %
GGOEGCBR133299,Google Cambridge Campus Lapel Pin,0.00,0.00,0,0.00,0.00,0.00 ,6.90 %,0.00 %
GGOEGCKC141399,Google Chicago Campus Sticker,0.00,0.00,0,0.00,0.00,0.00 ,12.00 %,0.00 %
GGOEGCKD141999,Google Cork Key Ring,0.00,0.00,0,0.00,0.00,0.00 ,15.22 %,0.00 %
GGOEGCKM142999,Google Austin Campus Sticker,0.00,0.00,0,0.00,0.00,0.00 ,13.33 %,0.00 %
GGOEGCKR133899,Google Cambridge Campus Sticker,0.00,0.00,0,0.00,0.00,0.00 ,15.22 %,0.00 %
GGOEGCXD132499,Google Utensil Set,0.00,0.00,0,0.00,0.00,0.00 ,3.91 %,0.00 %
GGOEGDBD132099,Google Bottle Cleaner,0.00,0.00,0,0.00,0.00,0.00 ,19.88 %,0.00 %
GGOEGDHC018299,Google 22 oz Water Bottle,0.00,0.00,0,0.00,0.00,0.00 ,36.00 %,0.00 %
GGOEGDHH098599,Google 16 oz Glass Bottle Green,0.00,0.00,0,0.00,0.00,0.00 ,20.17 %,0.00 %
GGOEGDHJ133499,Google Cambridge Campus Bottle,0.00,0.00,0,0.00,0.00,0.00 ,2.74 %,0.00 %
GGOEGDHJ140199,Google NYC Campus Bottle,0.00,0.00,0,0.00,0.00,0.00 ,4.00 %,0.00 %
GGOEGDHJ140999,Google Chicago Campus Bottle,0.00,0.00,0,0.00,0.00,0.00 ,3.70 %,0.00 %
GGOEGDHL098699,Google 16 oz Glass Bottle Navy,0.00,0.00,0,0.00,0.00,0.00 ,22.42 %,0.00 %
GGOEGDHL116999,Google Bike Bottle,0.00,0.00,0,0.00,0.00,0.00 ,9.57 %,0.00 %
GGOEGDHQ127799,Google Mural Bottle,0.00,0.00,0,0.00,0.00,0.00 ,11.33 %,0.00 %
GGOEGDHR117099,Google Buoy Bottle,0.00,0.00,0,0.00,0.00,0.00 ,12.50 %,0.00 %
GGOEGDNC147699,Google Super G Tumbler (Blue Lid),0.00,0.00,0,0.00,0.00,0.00 ,17.59 %,0.00 %
GGOEGDNR147599,Google Super G Tumbler (Red Lid),0.00,0.00,0,0.00,0.00,0.00 ,5.69 %,0.00 %
GGOEGDWB140099,Google NYC Campus Mug,0.00,0.00,0,0.00,0.00,0.00 ,12.70 %,0.00 %
GGOEGDWC122799,Google Campus Corkbase Mug Blue,0.00,0.00,0,0.00,0.00,0.00 ,20.92 %,0.00 %
GGOEGDWJ132899,Google Felt Mason Jar,0.00,0.00,0,0.00,0.00,0.00 ,0.55 %,0.00 %
GGOEGDWR133399,Google Cambridge Campus Mug,0.00,0.00,0,0.00,0.00,0.00 ,1.64 %,0.00 %
GGOEGGCX056199,Gift Card- $100.00,0.00,0.00,0,0.00,0.00,0.00 ,25.00 %,0.00 %
GGOEGGCX056299,Gift Card - $25.00,0.00,0.00,0,0.00,0.00,0.00 ,65.91 %,0.00 %
GGOEGGCX056399,Gift Card - $250.00,0.00,0.00,0,0.00,0.00,0.00 ,16.67 %,0.00 %
GGOEGGCX056499,Gift Card - $50.00,0.00,0.00,0,0.00,0.00,0.00 ,21.74 %,0.00 %
GGOEGGCX092599,Gift Card - $10.00,0.00,0.00,0,0.00,0.00,0.00 ,12.50 %,0.00 %
GGOEGHPL003214,Google Stretch Fit Hat M/L Navy,0.00,0.00,0,0.00,0.00,0.00 ,40.00 %,0.00 %
GGOEGOCA121599,Google Confetti Task Pad,0.00,0.00,0,0.00,0.00,0.00 ,20.00 %,0.00 %
GGOEGOCB017499,Leatherette Journal,0.00,0.00,0,0.00,0.00,0.00 ,28.71 %,0.00 %
GGOEGOCD131699,Google Cork Journal,0.00,0.00,0,0.00,0.00,0.00 ,4.67 %,0.00 %
GGOEGOCR132199,Google ApPeel Journal Red,0.00,0.00,0,0.00,0.00,0.00 ,3.40 %,0.00 %
GGOEGOCT019199,Red Spiral Google Notebook,0.00,0.00,0,0.00,0.00,0.00 ,30.00 %,0.00 %
GGOEGOLA127599,Google Mural Notebook,0.00,0.00,0,0.00,0.00,0.00 ,9.69 %,0.00 %
GGOEGOLJ137999,Google Felt Refillable Journal,0.00,0.00,0,0.00,0.00,0.00 ,3.74 %,0.00 %
GGOEGPJC019099,"7"" Dog Frisbee",0.00,0.00,0,0.00,0.00,0.00 ,22.22 %,0.00 %
GGOEGXXX0885,Google Flower Onesie Purple,0.00,0.00,0,0.00,0.00,0.00 ,38.31 %,0.00 %
GGOEGXXX0886,Google Protector Onesie Navy,0.00,0.00,0,0.00,0.00,0.00 ,29.62 %,0.00 %
GGOEGXXX0887,Google Standard Onesie Grey,0.00,0.00,0,0.00,0.00,0.00 ,30.17 %,0.00 %
GGOEGXXX0888,Google Standard Onesie Green,0.00,0.00,0,0.00,0.00,0.00 ,23.72 %,0.00 %
GGOEGXXX0889,Google Toddler Tee Blue,0.00,0.00,0,0.00,0.00,0.00 ,61.79 %,0.00 %
GGOEGXXX0890,Google Toddler Tee Green,0.00,0.00,0,0.00,0.00,0.00 ,35.42 %,0.00 %
GGOEGXXX0891,Google Toddler Tee White,0.00,0.00,0,0.00,0.00,0.00 ,18.74 %,0.00 %
GGOEGXXX0891,Google Todler Tee White,0.00,0.00,0,0.00,0.00,0.00 ,25.84 %,0.00 %
GGOEGXXX0892,Google Toddler Trike Tee Black,0.00,0.00,0,0.00,0.00,0.00 ,44.36 %,0.00 %
GGOEGXXX0893,Google Toddler Flower Tee Purple,0.00,0.00,0,0.00,0.00,0.00 ,39.87 %,0.00 %
GGOEGXXX0894,Google Toddler Protector Tee Navy,0.00,0.00,0,0.00,0.00,0.00 ,29.10 %,0.00 %
GGOEGXXX0903,Google Tee White,0.00,0.00,0,0.00,0.00,0.00 ,18.94 %,0.00 %
GGOEGXXX0904,Google Tee Red,0.00,0.00,0,0.00,0.00,0.00 ,23.24 %,0.00 %
GGOEGXXX0905,Google Tee Yellow,0.00,0.00,0,0.00,0.00,0.00 ,21.65 %,0.00 %
GGOEGXXX0906,Google Tee Green,0.00,0.00,0,0.00,0.00,0.00 ,15.19 %,0.00 %
GGOEGXXX0907,Google Tee Blue,0.00,0.00,0,0.00,0.00,0.00 ,20.22 %,0.00 %
GGOEGXXX0908,Google Bike Tee Navy,0.00,0.00,0,0.00,0.00,0.00 ,16.22 %,0.00 %
GGOEGXXX0910,Google Women's Tee Grey,0.00,0.00,0,0.00,0.00,0.00 ,10.13 %,0.00 %
GGOEGXXX0911,Google Zip Hoodie Black,0.00,0.00,0,0.00,0.00,0.00 ,9.90 %,0.00 %
GGOEGXXX0912,Google Pullover Hoodie Grey,0.00,0.00,0,0.00,0.00,0.00 ,20.65 %,0.00 %
GGOEGXXX0913,Google Crewneck Sweatshirt Navy,0.00,0.00,0,0.00,0.00,0.00 ,15.13 %,0.00 %
GGOEGXXX0915,Android Women's Peace Tee Black,0.00,0.00,0,0.00,0.00,0.00 ,23.58 %,0.00 %
GGOEGXXX0916,Android Matrix Tee White,0.00,0.00,0,0.00,0.00,0.00 ,2.74 %,0.00 %
GGOEGXXX0917,Android Tone Hoodie Black,0.00,0.00,0,0.00,0.00,0.00 ,10.28 %,0.00 %
GGOEGXXX0918,YouTube Tee Black,0.00,0.00,0,0.00,0.00,0.00 ,18.72 %,0.00 %
GGOEGXXX0919,YouTube Women's Favorite Tee White,0.00,0.00,0,0.00,0.00,0.00 ,23.91 %,0.00 %
GGOEGXXX0962,Google Mens Microfleece Jacket Black,0.00,0.00,0,0.00,0.00,0.00 ,11.23 %,0.00 %
GGOEGXXX0963,Google Women's Microfleece Jacket Black,0.00,0.00,0,0.00,0.00,0.00 ,18.66 %,0.00 %
GGOEGXXX0964,Google Crewneck Sweatshirt Grey,0.00,0.00,0,0.00,0.00,0.00 ,16.70 %,0.00 %
GGOEGXXX1023,Google Black Tee,0.00,0.00,0,0.00,0.00,0.00 ,5.26 %,0.00 %
GGOEGXXX1025,Google Women's Black Tee,0.00,0.00,0,0.00,0.00,0.00 ,3.11 %,0.00 %
GGOEGXXX1026,Google Women's White Tee,0.00,0.00,0,0.00,0.00,0.00 ,30.00 %,0.00 %
GGOEGXXX1030,Google Tee Grey,0.00,0.00,0,0.00,0.00,0.00 ,12.08 %,0.00 %
GGOEGXXX1031,I am Not a Robot Tee White,0.00,0.00,0,0.00,0.00,0.00 ,9.21 %,0.00 %
GGOEGXXX1032,Mind Blown Tee White,0.00,0.00,0,0.00,0.00,0.00 ,8.07 %,0.00 %
GGOEGXXX1034,Google Bike Tee Grey,0.00,0.00,0,0.00,0.00,0.00 ,21.69 %,0.00 %
GGOEGXXX1038,Google F/C Longsleeve Charcoal,0.00,0.00,0,0.00,0.00,0.00 ,5.59 %,0.00 %
GGOEGXXX1039,Google F/C Longsleeve Ash,0.00,0.00,0,0.00,0.00,0.00 ,8.24 %,0.00 %
GGOEGXXX1040,Google Tudes Recycled Tee,0.00,0.00,0,0.00,0.00,0.00 ,11.06 %,0.00 %
GGOEGXXX1041,Google Tonal Tee Fog,0.00,0.00,0,0.00,0.00,0.00 ,9.68 %,0.00 %
GGOEGXXX1042,Google Tonal Tee Spearmint,0.00,0.00,0,0.00,0.00,0.00 ,4.91 %,0.00 %
GGOEGXXX1043,Google Tonal Tee Coral,0.00,0.00,0,0.00,0.00,0.00 ,7.62 %,0.00 %
GGOEGXXX1044,Google Tonal Tee Slate Grey,0.00,0.00,0,0.00,0.00,0.00 ,18.18 %,0.00 %
GGOEGXXX1078,Google Women's Grid Zip-Up,0.00,0.00,0,0.00,0.00,0.00 ,9.67 %,0.00 %
GGOEGXXX1079,Google Men's Techie Fleece,0.00,0.00,0,0.00,0.00,0.00 ,8.29 %,0.00 %
GGOEGXXX1080,Google Women's Techie Fleece,0.00,0.00,0,0.00,0.00,0.00 ,3.08 %,0.00 %
GGOEGXXX1081,Google Men's Discovery Lt. Rain Shell,0.00,0.00,0,0.00,0.00,0.00 ,7.93 %,0.00 %
GGOEGXXX1082,Google Women's Discovery Lt. Rain Shell,0.00,0.00,0,0.00,0.00,0.00 ,11.29 %,0.00 %
GGOEGXXX1083,Google Men's Kirkland Pullover,0.00,0.00,0,0.00,0.00,0.00 ,8.28 %,0.00 %
GGOEGXXX1084,Google Women's Kirkland Pullover,0.00,0.00,0,0.00,0.00,0.00 ,8.97 %,0.00 %
GGOEGXXX1095,Google Men's Outpost Vest,0.00,0.00,0,0.00,0.00,0.00 ,12.30 %,0.00 %
GGOEGXXX1096,Google Women's Outpost Vest,0.00,0.00,0,0.00,0.00,0.00 ,12.83 %,0.00 %
GGOEGXXX1099,Google Women's Tee F/C Black,0.00,0.00,0,0.00,0.00,0.00 ,32.21 %,0.00 %
GGOEGXXX1100,Google Tee F/C Black,0.00,0.00,0,0.00,0.00,0.00 ,25.80 %,0.00 %
GGOEGXXX1105,Google Shoreline Tonal Tee Maroon,0.00,0.00,0,0.00,0.00,0.00 ,30.04 %,0.00 %
GGOEGXXX1106,Google Shoreline Tonal Tee Olive,0.00,0.00,0,0.00,0.00,0.00 ,35.78 %,0.00 %
GGOEGXXX1107,Google Shoreline Tonal Crew Maroon,0.00,0.00,0,0.00,0.00,0.00 ,20.53 %,0.00 %
GGOEGXXX1108,Google Shoreline Tonal Crew Olive,0.00,0.00,0,0.00,0.00,0.00 ,24.51 %,0.00 %
GGOEGXXX1109,Google Zip Hoodie F/C,0.00,0.00,0,0.00,0.00,0.00 ,17.71 %,0.00 %
GGOEGXXX1130,Google Youth FC Tee Charcoal,0.00,0.00,0,0.00,0.00,0.00 ,25.76 %,0.00 %
GGOEGXXX1131,Google Youth FC Longsleeve Charcoal,0.00,0.00,0,0.00,0.00,0.00 ,13.65 %,0.00 %
GGOEGXXX1133,Google Toddler FC Tee Charcoal,0.00,0.00,0,0.00,0.00,0.00 ,29.31 %,0.00 %
GGOEGXXX1135,Google Infant Charcoal Onesie,0.00,0.00,0,0.00,0.00,0.00 ,39.82 %,0.00 %
GGOEGXXX1136,Google Toddler FC Zip Hoodie,0.00,0.00,0,0.00,0.00,0.00 ,12.11 %,0.00 %
GGOEGXXX1137,Google Youth FC Zip Hoodie,0.00,0.00,0,0.00,0.00,0.00 ,12.32 %,0.00 %
GGOEGXXX1167,Google Youth F/C Pullover Hoodie,0.00,0.00,0,0.00,0.00,0.00 ,11.57 %,0.00 %
GGOEGXXX1173,Google Striped Tee White,0.00,0.00,0,0.00,0.00,0.00 ,12.85 %,0.00 %
GGOEGXXX1174,Google Color Block Tee White,0.00,0.00,0,0.00,0.00,0.00 ,16.91 %,0.00 %
GGOEGXXX1174,Unisex Google Color Block Tee White,0.00,0.00,0,0.00,0.00,0.00 ,12.70 %,0.00 %
GGOEGXXX1175,Google Pocket Tee Grey,0.00,0.00,0,0.00,0.00,0.00 ,18.95 %,0.00 %
GGOEGXXX1176,Google Jumbo Print Tee White,0.00,0.00,0,0.00,0.00,0.00 ,16.41 %,0.00 %
GGOEGXXX1177,Google Striped Tank,0.00,0.00,0,0.00,0.00,0.00 ,12.52 %,0.00 %
GGOEGXXX1178,Google Youth Pocket Tee Blue,0.00,0.00,0,0.00,0.00,0.00 ,14.66 %,0.00 %
GGOEGXXX1179,Google Youth Color Block Tee White,0.00,0.00,0,0.00,0.00,0.00 ,21.34 %,0.00 %
GGOEGXXX1180,Google Youth Jumbo Print Tee White,0.00,0.00,0,0.00,0.00,0.00 ,19.49 %,0.00 %
GGOEGXXX1181,Google Women's Striped L/S,0.00,0.00,0,0.00,0.00,0.00 ,18.27 %,0.00 %
GGOEGXXX1182,Google Lightweight Crew Sweatshirt Grey,0.00,0.00,0,0.00,0.00,0.00 ,9.00 %,0.00 %
GGOEGXXX1183,Google Kids Playful Tee,0.00,0.00,0,0.00,0.00,0.00 ,37.05 %,0.00 %
GGOEGXXX1187,Google Youth Pocket Tee Red,0.00,0.00,0,0.00,0.00,0.00 ,11.36 %,0.00 %
GGOEGXXX1189,Google Eco Tee Black,0.00,0.00,0,0.00,0.00,0.00 ,18.77 %,0.00 %
GGOEGXXX1190,Google Women's Eco Tee Black,0.00,0.00,0,0.00,0.00,0.00 ,37.70 %,0.00 %
GGOEGXXX1193,Google Campus Bike Eco Tee Navy,0.00,0.00,0,0.00,0.00,0.00 ,19.55 %,0.00 %
GGOEGXXX1194,Google Dino Game Tee,0.00,0.00,0,0.00,0.00,0.00 ,13.68 %,0.00 %
GGOEGXXX1195,Google Mountain View Tee Red,0.00,0.00,0,0.00,0.00,0.00 ,11.76 %,0.00 %
GGOEGXXX1196,Google Mountain View Tee Blue,0.00,0.00,0,0.00,0.00,0.00 ,15.05 %,0.00 %
GGOEGXXX1197,Google Tee Mint Green,0.00,0.00,0,0.00,0.00,0.00 ,29.43 %,0.00 %
GGOEGXXX1198,Google Tee Dark Blue,0.00,0.00,0,0.00,0.00,0.00 ,20.77 %,0.00 %
GGOEGXXX1199,Google Ringer Tee,0.00,0.00,0,0.00,0.00,0.00 ,29.13 %,0.00 %
GGOEGXXX1200,Google Women's Ringer Tee,0.00,0.00,0,0.00,0.00,0.00 ,20.00 %,0.00 %
GGOEGXXX1201,Google 3/4 Raglan Red,0.00,0.00,0,0.00,0.00,0.00 ,21.68 %,0.00 %
GGOEGXXX1201,Google Unisex 3/4 Raglan Red,0.00,0.00,0,0.00,0.00,0.00 ,37.50 %,0.00 %
GGOEGXXX1253,Google Unisex Pride Eco-Tee Black,0.00,0.00,0,0.00,0.00,0.00 ,14.91 %,0.00 %
GGOEGXXX1254,Google Women's Pride Eco-Tee Black,0.00,0.00,0,0.00,0.00,0.00 ,24.39 %,0.00 %
GGOEGXXX1264,Android Garden Tee Orange,0.00,0.00,0,0.00,0.00,0.00 ,5.83 %,0.00 %
GGOEGXXX1265,Google Beekeepers Tee Mint,0.00,0.00,0,0.00,0.00,0.00 ,6.67 %,0.00 %
GGOEGXXX1266,Flamingo and Friends Tee Blue,0.00,0.00,0,0.00,0.00,0.00 ,1.77 %,0.00 %
GGOEGXXX1267,Stan and Friends Tee Green,0.00,0.00,0,0.00,0.00,0.00 ,15.38 %,0.00 %
GGOEGXXX1268,Stan and Friends Onesie Green,0.00,0.00,0,0.00,0.00,0.00 ,27.45 %,0.00 %
GGOEGXXX1269,Stan and Friends Youth Tee Green,0.00,0.00,0,0.00,0.00,0.00 ,10.00 %,0.00 %
GGOEGXXX1270,Stan and Friends Toddler Tee Green,0.00,0.00,0,0.00,0.00,0.00 ,4.35 %,0.00 %
GGOEGXXX1271,Google Beekeepers Youth Tee Pink,0.00,0.00,0,0.00,0.00,0.00 ,7.89 %,0.00 %
GGOEGXXX1273,Google Beekeepers Onesie Pink,0.00,0.00,0,0.00,0.00,0.00 ,21.05 %,0.00 %
GGOEGXXX1335,Google Cambridge Campus Unisex Tee,0.00,0.00,0,0.00,0.00,0.00 ,1.65 %,0.00 %
GGOEGXXX1337,Google Cambridge Campus Zip Hoodie,0.00,0.00,0,0.00,0.00,0.00 ,3.79 %,0.00 %
GGOEGXXX1342,Google Crewneck Sweatshirt Green,0.00,0.00,0,0.00,0.00,0.00 ,16.60 %,0.00 %
GGOEGXXX1343,Google Heather Green Speckled Tee,0.00,0.00,0,0.00,0.00,0.00 ,16.13 %,0.00 %
GGOEGXXX1344,Google Navy Speckled Tee,0.00,0.00,0,0.00,0.00,0.00 ,18.70 %,0.00 %
GGOEGXXX1345,Google Red Speckled Tee,0.00,0.00,0,0.00,0.00,0.00 ,10.23 %,0.00 %
GGOEGXXX1346,Google Toddler Tee White,0.00,0.00,0,0.00,0.00,0.00 ,22.85 %,0.00 %
GGOEGXXX1347,Google Sherpa Zip Hoodie Navy,0.00,0.00,0,0.00,0.00,0.00 ,6.25 %,0.00 %
GGOEGXXX1350,Google Raincoat Navy,0.00,0.00,0,0.00,0.00,0.00 ,2.76 %,0.00 %
GGOEGXXX1352,Google Sherpa Zip Hoodie Charcoal,0.00,0.00,0,0.00,0.00,0.00 ,4.57 %,0.00 %
GGOEGXXX1357,Google Toddler Hero Tee Olive,0.00,0.00,0,0.00,0.00,0.00 ,6.15 %,0.00 %
GGOEGXXX1359,Google Youth Badge Tee Olive,0.00,0.00,0,0.00,0.00,0.00 ,12.03 %,0.00 %
GGOEGXXX1360,Google Youth Hero Tee Grey,0.00,0.00,0,0.00,0.00,0.00 ,18.05 %,0.00 %
GGOEGXXX1361,Google Youth Hero Tee Maroon,0.00,0.00,0,0.00,0.00,0.00 ,14.21 %,0.00 %
GGOEGXXX1371,Google Men's Tech Fleece Vest Charcoal,0.00,0.00,0,0.00,0.00,0.00 ,14.84 %,0.00 %
GGOEGXXX1372,Google Women's Tech Fleece Vest Charcoal,0.00,0.00,0,0.00,0.00,0.00 ,9.88 %,0.00 %
GGOEGXXX1381,Google Men's Softshell Moss,0.00,0.00,0,0.00,0.00,0.00 ,9.83 %,0.00 %
GGOEGXXX1382,Google Women's Softshell Moss,0.00,0.00,0,0.00,0.00,0.00 ,4.88 %,0.00 %
GGOEGXXX1383,Google Men's Puff Jacket Black,0.00,0.00,0,0.00,0.00,0.00 ,6.64 %,0.00 %
GGOEGXXX1384,Google Women's Puff Jacket Black,0.00,0.00,0,0.00,0.00,0.00 ,11.90 %,0.00 %
GGOEGXXX1385,Google Men's Tech Fleece Grey,0.00,0.00,0,0.00,0.00,0.00 ,29.02 %,0.00 %
GGOEGXXX1386,Google Women's Tech Fleece Grey,0.00,0.00,0,0.00,0.00,0.00 ,14.04 %,0.00 %
GGOEGXXX1387,Google Sherpa Vest Black,0.00,0.00,0,0.00,0.00,0.00 ,1.67 %,0.00 %
GGOEGXXX1404,Google NYC Campus Zip Hoodie,0.00,0.00,0,0.00,0.00,0.00 ,1.40 %,0.00 %
GGOEGXXX1410,Google Chicago Campus Unisex Tee,0.00,0.00,0,0.00,0.00,0.00 ,2.00 %,0.00 %
GGOEGXXX1411,Google Chicago Campus Ladies Tee,0.00,0.00,0,0.00,0.00,0.00 ,50.00 %,0.00 %
GGOEGXXX1412,Google Chicago Campus Zip Hoodie,0.00,0.00,0,0.00,0.00,0.00 ,4.95 %,0.00 %
GGOEGXXX1439,Google Boulder Campus Unisex Tee,0.00,0.00,0,0.00,0.00,0.00 ,4.88 %,0.00 %
GGOEGXXX1440,Google Boulder Campus Ladies Tee,0.00,0.00,0,0.00,0.00,0.00 ,33.33 %,0.00 %
GGOEGXXX1441,Google Boulder Campus Zip Hoodie,0.00,0.00,0,0.00,0.00,0.00 ,2.78 %,0.00 %
GGOEGXXX1445,Google Infant Hero Tee Olive,0.00,0.00,0,0.00,0.00,0.00 ,12.82 %,0.00 %
GGOEGXXX1474,Dino Holiday Sweater,0.00,0.00,0,0.00,0.00,0.00 ,3.61 %,0.00 %
GGOENEBB078899,Cam Indoor Security Camera - USA,0.00,0.00,0,0.00,0.00,0.00 ,46.53 %,0.00 %
GGOENEBB081499,NestÂ® Cam Indoor Security Camera - CA,0.00,0.00,0,0.00,0.00,0.00 ,25.00 %,0.00 %
GGOENEBD084799,Learning Thermostat 3rd Gen-USA - Copper,0.00,0.00,0,0.00,0.00,0.00 ,46.56 %,0.00 %
GGOENEBJ081899,NestÂ® Learning Thermostat 3rd Gen - CA - Stainless Steel,0.00,0.00,0,0.00,0.00,0.00 ,80.00 %,0.00 %
GGOENEBJ097199,x Yale Lock Satin Nickel- USA,0.00,0.00,0,0.00,0.00,0.00 ,28.79 %,0.00 %
GGOENEBQ079099,Protect Smoke + CO White Battery Alarm-USA,0.00,0.00,0,0.00,0.00,0.00 ,52.16 %,0.00 %
GGOENEBQ079199,Protect Smoke + CO White Wired Alarm-USA,0.00,0.00,0,0.00,0.00,0.00 ,54.49 %,0.00 %
GGOENEBQ081699,NestÂ® Protect Smoke + CO White Battery Alarm - CA,0.00,0.00,0,0.00,0.00,0.00 ,30.00 %,0.00 %
GGOENEBQ081799,NestÂ® Protect Smoke + CO White Wired Alarm - CA,0.00,0.00,0,0.00,0.00,0.00 ,60.00 %,0.00 %
GGOENEBQ084699,Learning Thermostat 3rd Gen-USA - White,0.00,0.00,0,0.00,0.00,0.00 ,46.08 %,0.00 %
GGOENEBQ086499,Cam IQ - USA,0.00,0.00,0,0.00,0.00,0.00 ,34.28 %,0.00 %
GGOENEBQ086599,NestÂ® Cam IQ - CA,0.00,0.00,0,0.00,0.00,0.00 ,42.86 %,0.00 %
GGOENEBQ086799,Thermostat E - USA,0.00,0.00,0,0.00,0.00,0.00 ,40.04 %,0.00 %
GGOENEBQ086899,NestÂ®  Thermostat E - CA,0.00,0.00,0,0.00,0.00,0.00 ,50.00 %,0.00 %
GGOENEBQ092299,Secure Alarm System Starter Pack - USA,0.00,0.00,0,0.00,0.00,0.00 ,29.13 %,0.00 %
GGOENEBQ092399,Cam IQ Outdoor - USA,0.00,0.00,0,0.00,0.00,0.00 ,34.98 %,0.00 %
GGOENEBQ093499,Detect - USA,0.00,0.00,0,0.00,0.00,0.00 ,26.79 %,0.00 %
GGOENEBQ093599,Tag - USA,0.00,0.00,0,0.00,0.00,0.00 ,9.45 %,0.00 %
GGOENEBQ093699,Connect -USA,0.00,0.00,0,0.00,0.00,0.00 ,6.87 %,0.00 %
GGOENEBQ102899,Temperature Sensor - US,0.00,0.00,0,0.00,0.00,0.00 ,48.33 %,0.00 %
GGOENEBQ102931,Temperature Sensor 3 Pack -US,0.00,0.00,0,0.00,0.00,0.00 ,56.36 %,0.00 %
GGOEWXXX0827,Waze Women's Short Sleeve Tee,0.00,0.00,0,0.00,0.00,0.00 ,17.51 %,0.00 %
GGOEWXXX0828,Waze Men's Short Sleeve Tee,0.00,0.00,0,0.00,0.00,0.00 ,1.02 %,0.00 %
GGOEWXXX0834,Waze Women's Typography Short Sleeve Tee,0.00,0.00,0,0.00,0.00,0.00 ,22.22 %,0.00 %
GGOEWXXX0835,Waze Men's Typography Short Sleeve Tee,0.00,0.00,0,0.00,0.00,0.00 ,15.38 %,0.00 %
GGOEYCBA106199,YouTube Wordmark Pin,0.00,0.00,0,0.00,0.00,0.00 ,2.17 %,0.00 %
GGOEYXXX0895,YouTube Toddler Tee White,0.00,0.00,0,0.00,0.00,0.00 ,21.48 %,0.00 %
GGOEYXXX0896,YouTube Toddler Tee Black,0.00,0.00,0,0.00,0.00,0.00 ,13.06 %,0.00 %
GGOEYXXX0897,YouTube Kids Onesie White,0.00,0.00,0,0.00,0.00,0.00 ,31.07 %,0.00 %
GGOEYXXX0937,YouTube Wordmark Crew Grey,0.00,0.00,0,0.00,0.00,0.00 ,9.38 %,0.00 %
GGOEYXXX0938,YouTube Icon Pullover Black,0.00,0.00,0,0.00,0.00,0.00 ,9.31 %,0.00 %
GGOEYXXX1202,YouTube Icon Tee Charcoal,0.00,0.00,0,0.00,0.00,0.00 ,17.32 %,0.00 %
GGOEYXXX1203,YouTube Icon Tee Grey,0.00,0.00,0,0.00,0.00,0.00 ,17.37 %,0.00 %
GGOEYXXX1207,YouTube Standards Zip Hoodie Black,0.00,0.00,0,0.00,0.00,0.00 ,3.52 %,0.00 %
,,"63,334.49","2,824.00","5,168",12.26,1.83,0.00 ,17.92 %,0.54 %
,,,,,,,,,
Índice de día,Ingresos del producto,,,,,,,,
1/1/19,"103,35 US$",,,,,,,,
2/1/19,"159,87 US$",,,,,,,,
3/1/19,"23,72 US$",,,,,,,,
4/1/19,"29,90 US$",,,,,,,,
5/1/19,"184,33 US$",,,,,,,,
6/1/19,"75,37 US$",,,,,,,,
7/1/19,"54,34 US$",,,,,,,,
8/1/19,"132,92 US$",,,,,,,,
9/1/19,"76,98 US$",,,,,,,,
10/1/19,"56,97 US$",,,,,,,,
11/1/19,"32,97 US$",,,,,,,,
12/1/19,"0,00 US$",,,,,,,,
13/1/19,"80,91 US$",,,,,,,,
14/1/19,"226,96 US$",,,,,,,,
15/1/19,"134,97 US$",,,,,,,,
16/1/19,"89,11 US$",,,,,,,,
17/1/19,"45,98 US$",,,,,,,,
18/1/19,"0,00 US$",,,,,,,,
19/1/19,"69,99 US$",,,,,,,,
20/1/19,"14,00 US$",,,,,,,,
21/1/19,"0,00 US$",,,,,,,,
22/1/19,"319,64 US$",,,,,,,,
23/1/19,"109,98 US$",,,,,,,,
24/1/19,"55,47 US$",,,,,,,,
25/1/19,"24,98 US$",,,,,,,,
26/1/19,"547,12 US$",,,,,,,,
27/1/19,"692,86 US$",,,,,,,,
28/1/19,"131,78 US$",,,,,,,,
29/1/19,"132,95 US$",,,,,,,,
30/1/19,"145,49 US$",,,,,,,,
31/1/19,"195,51 US$",,,,,,,,
1/2/19,"28,08 US$",,,,,,,,
2/2/19,"104,54 US$",,,,,,,,
3/2/19,"58,41 US$",,,,,,,,
4/2/19,"0,00 US$",,,,,,,,
5/2/19,"0,00 US$",,,,,,,,
6/2/19,"65,52 US$",,,,,,,,
7/2/19,"131,97 US$",,,,,,,,
8/2/19,"322,93 US$",,,,,,,,
9/2/19,"0,00 US$",,,,,,,,
10/2/19,"26,95 US$",,,,,,,,
11/2/19,"119,86 US$",,,,,,,,
12/2/19,"193,97 US$",,,,,,,,
13/2/19,"11,98 US$",,,,,,,,
14/2/19,"65,96 US$",,,,,,,,
15/2/19,"422,69 US$",,,,,,,,
16/2/19,"176,87 US$",,,,,,,,
17/2/19,"479,66 US$",,,,,,,,
18/2/19,"152,33 US$",,,,,,,,
19/2/19,"65,93 US$",,,,,,,,
20/2/19,"1,20 US$",,,,,,,,
21/2/19,"379,64 US$",,,,,,,,
22/2/19,"75,54 US$",,,,,,,,
23/2/19,"0,00 US$",,,,,,,,
24/2/19,"197,02 US$",,,,,,,,
25/2/19,"76,12 US$",,,,,,,,
26/2/19,"17,59 US$",,,,,,,,
27/2/19,"63,20 US$",,,,,,,,
28/2/19,"25,98 US$",,,,,,,,
1/3/19,"49,57 US$",,,,,,,,
2/3/19,"492,41 US$",,,,,,,,
3/3/19,"149,99 US$",,,,,,,,
4/3/19,"147,37 US$",,,,,,,,
5/3/19,"83,36 US$",,,,,,,,
6/3/19,"145,04 US$",,,,,,,,
7/3/19,"180,94 US$",,,,,,,,
8/3/19,"265,81 US$",,,,,,,,
9/3/19,"176,88 US$",,,,,,,,
10/3/19,"122,93 US$",,,,,,,,
11/3/19,"88,81 US$",,,,,,,,
12/3/19,"139,94 US$",,,,,,,,
13/3/19,"269,76 US$",,,,,,,,
14/3/19,"400,68 US$",,,,,,,,
15/3/19,"208,92 US$",,,,,,,,
16/3/19,"213,13 US$",,,,,,,,
17/3/19,"67,15 US$",,,,,,,,
18/3/19,"87,17 US$",,,,,,,,
19/3/19,"473,88 US$",,,,,,,,
20/3/19,"111,93 US$",,,,,,,,
21/3/19,"206,02 US$",,,,,,,,
22/3/19,"153,59 US$",,,,,,,,
23/3/19,"57,94 US$",,,,,,,,
24/3/19,"116,35 US$",,,,,,,,
25/3/19,"87,97 US$",,,,,,,,
26/3/19,"74,97 US$",,,,,,,,
27/3/19,"63,98 US$",,,,,,,,
28/3/19,"104,91 US$",,,,,,,,
29/3/19,"39,98 US$",,,,,,,,
30/3/19,"206,14 US$",,,,,,,,
31/3/19,"187,03 US$",,,,,,,,
1/4/19,"489,70 US$",,,,,,,,
2/4/19,"367,36 US$",,,,,,,,
3/4/19,"264,80 US$",,,,,,,,
4/4/19,"21,99 US$",,,,,,,,
5/4/19,"257,88 US$",,,,,,,,
6/4/19,"21,99 US$",,,,,,,,
7/4/19,"44,98 US$",,,,,,,,
8/4/19,"88,47 US$",,,,,,,,
9/4/19,"492,59 US$",,,,,,,,
10/4/19,"82,37 US$",,,,,,,,
11/4/19,"114,95 US$",,,,,,,,
12/4/19,"392,83 US$",,,,,,,,
13/4/19,"61,98 US$",,,,,,,,
14/4/19,"67,38 US$",,,,,,,,
15/4/19,"302,67 US$",,,,,,,,
16/4/19,"107,81 US$",,,,,,,,
17/4/19,"337,67 US$",,,,,,,,
18/4/19,"71,96 US$",,,,,,,,
19/4/19,"61,37 US$",,,,,,,,
20/4/19,"301,09 US$",,,,,,,,
21/4/19,"81,75 US$",,,,,,,,
22/4/19,"57,38 US$",,,,,,,,
23/4/19,"99,47 US$",,,,,,,,
24/4/19,"160,86 US$",,,,,,,,
25/4/19,"15,39 US$",,,,,,,,
26/4/19,"164,74 US$",,,,,,,,
27/4/19,"106,86 US$",,,,,,,,
28/4/19,"157,95 US$",,,,,,,,
29/4/19,"213,32 US$",,,,,,,,
30/4/19,"364,88 US$",,,,,,,,
1/5/19,"635,54 US$",,,,,,,,
2/5/19,"0,00 US$",,,,,,,,
3/5/19,"61,98 US$",,,,,,,,
4/5/19,"77,88 US$",,,,,,,,
5/5/19,"12,99 US$",,,,,,,,
6/5/19,"165,35 US$",,,,,,,,
7/5/19,"178,70 US$",,,,,,,,
8/5/19,"213,89 US$",,,,,,,,
9/5/19,"0,00 US$",,,,,,,,
10/5/19,"226,38 US$",,,,,,,,
11/5/19,"105,33 US$",,,,,,,,
12/5/19,"73,96 US$",,,,,,,,
13/5/19,"168,07 US$",,,,,,,,
14/5/19,"434,94 US$",,,,,,,,
15/5/19,"313,89 US$",,,,,,,,
16/5/19,"343,55 US$",,,,,,,,
17/5/19,"116,95 US$",,,,,,,,
18/5/19,"50,37 US$",,,,,,,,
19/5/19,"78,75 US$",,,,,,,,
20/5/19,"154,69 US$",,,,,,,,
21/5/19,"108,94 US$",,,,,,,,
22/5/19,"210,91 US$",,,,,,,,
23/5/19,"0,00 US$",,,,,,,,
24/5/19,"83,47 US$",,,,,,,,
25/5/19,"21,99 US$",,,,,,,,
26/5/19,"206,05 US$",,,,,,,,
27/5/19,"41,46 US$",,,,,,,,
28/5/19,"91,69 US$",,,,,,,,
29/5/19,"391,37 US$",,,,,,,,
30/5/19,"365,68 US$",,,,,,,,
31/5/19,"199,95 US$",,,,,,,,
1/6/19,"23,99 US$",,,,,,,,
2/6/19,"12,99 US$",,,,,,,,
3/6/19,"39,99 US$",,,,,,,,
4/6/19,"0,00 US$",,,,,,,,
5/6/19,"67,96 US$",,,,,,,,
6/6/19,"189,46 US$",,,,,,,,
7/6/19,"369,24 US$",,,,,,,,
8/6/19,"131,93 US$",,,,,,,,
9/6/19,"243,04 US$",,,,,,,,
10/6/19,"435,09 US$",,,,,,,,
11/6/19,"159,28 US$",,,,,,,,
12/6/19,"236,85 US$",,,,,,,,
13/6/19,"237,10 US$",,,,,,,,
14/6/19,"60,96 US$",,,,,,,,
15/6/19,"152,23 US$",,,,,,,,
16/6/19,"212,46 US$",,,,,,,,
17/6/19,"89,38 US$",,,,,,,,
18/6/19,"145,26 US$",,,,,,,,
19/6/19,"70,97 US$",,,,,,,,
20/6/19,"134,11 US$",,,,,,,,
21/6/19,"117,04 US$",,,,,,,,
22/6/19,"146,33 US$",,,,,,,,
23/6/19,"84,35 US$",,,,,,,,
24/6/19,"100,35 US$",,,,,,,,
25/6/19,"53,95 US$",,,,,,,,
26/6/19,"200,15 US$",,,,,,,,
27/6/19,"178,72 US$",,,,,,,,
28/6/19,"175,88 US$",,,,,,,,
29/6/19,"40,99 US$",,,,,,,,
30/6/19,"240,09 US$",,,,,,,,
1/7/19,"57,71 US$",,,,,,,,
2/7/19,"117,83 US$",,,,,,,,
3/7/19,"287,68 US$",,,,,,,,
4/7/19,"91,15 US$",,,,,,,,
5/7/19,"0,00 US$",,,,,,,,
6/7/19,"158,01 US$",,,,,,,,
7/7/19,"22,73 US$",,,,,,,,
8/7/19,"52,97 US$",,,,,,,,
9/7/19,"250,36 US$",,,,,,,,
10/7/19,"127,33 US$",,,,,,,,
11/7/19,"937,30 US$",,,,,,,,
12/7/19,"17,50 US$",,,,,,,,
13/7/19,"20,38 US$",,,,,,,,
14/7/19,"328,01 US$",,,,,,,,
15/7/19,"218,15 US$",,,,,,,,
16/7/19,"116,13 US$",,,,,,,,
17/7/19,"132,95 US$",,,,,,,,
18/7/19,"213,79 US$",,,,,,,,
19/7/19,"327,83 US$",,,,,,,,
20/7/19,"81,71 US$",,,,,,,,
21/7/19,"84,17 US$",,,,,,,,
22/7/19,"247,88 US$",,,,,,,,
23/7/19,"166,97 US$",,,,,,,,
24/7/19,"40,00 US$",,,,,,,,
25/7/19,"196,90 US$",,,,,,,,
26/7/19,"255,12 US$",,,,,,,,
27/7/19,"182,33 US$",,,,,,,,
28/7/19,"46,87 US$",,,,,,,,
29/7/19,"90,14 US$",,,,,,,,
30/7/19,"151,50 US$",,,,,,,,
31/7/19,"1.076,14 US$",,,,,,,,
1/8/19,"452,63 US$",,,,,,,,
2/8/19,"151,96 US$",,,,,,,,
3/8/19,"22,97 US$",,,,,,,,
4/8/19,"139,97 US$",,,,,,,,
5/8/19,"710,50 US$",,,,,,,,
6/8/19,"305,70 US$",,,,,,,,
7/8/19,"223,72 US$",,,,,,,,
8/8/19,"289,15 US$",,,,,,,,
9/8/19,"18,80 US$",,,,,,,,
10/8/19,"81,98 US$",,,,,,,,
11/8/19,"360,27 US$",,,,,,,,
12/8/19,"0,00 US$",,,,,,,,
13/8/19,"21,99 US$",,,,,,,,
14/8/19,"170,50 US$",,,,,,,,
15/8/19,"225,33 US$",,,,,,,,
16/8/19,"201,90 US$",,,,,,,,
17/8/19,"155,89 US$",,,,,,,,
18/8/19,"69,69 US$",,,,,,,,
19/8/19,"51,29 US$",,,,,,,,
20/8/19,"29,00 US$",,,,,,,,
21/8/19,"205,93 US$",,,,,,,,
22/8/19,"43,38 US$",,,,,,,,
23/8/19,"204,83 US$",,,,,,,,
24/8/19,"86,76 US$",,,,,,,,
25/8/19,"232,74 US$",,,,,,,,
26/8/19,"0,00 US$",,,,,,,,
27/8/19,"274,48 US$",,,,,,,,
28/8/19,"82,23 US$",,,,,,,,
29/8/19,"50,00 US$",,,,,,,,
30/8/19,"141,87 US$",,,,,,,,
31/8/19,"189,75 US$",,,,,,,,
1/9/19,"40,39 US$",,,,,,,,
2/9/19,"0,00 US$",,,,,,,,
3/9/19,"180,99 US$",,,,,,,,
4/9/19,"15,39 US$",,,,,,,,
5/9/19,"11,00 US$",,,,,,,,
6/9/19,"492,23 US$",,,,,,,,
7/9/19,"157,09 US$",,,,,,,,
8/9/19,"53,39 US$",,,,,,,,
9/9/19,"190,00 US$",,,,,,,,
10/9/19,"240,70 US$",,,,,,,,
11/9/19,"109,50 US$",,,,,,,,
12/9/19,"118,40 US$",,,,,,,,
13/9/19,"25,50 US$",,,,,,,,
14/9/19,"176,70 US$",,,,,,,,
15/9/19,"41,00 US$",,,,,,,,
16/9/19,"73,70 US$",,,,,,,,
17/9/19,"113,40 US$",,,,,,,,
18/9/19,"939,40 US$",,,,,,,,
19/9/19,"178,90 US$",,,,,,,,
20/9/19,"189,95 US$",,,,,,,,
21/9/19,"233,90 US$",,,,,,,,
22/9/19,"97,00 US$",,,,,,,,
23/9/19,"201,90 US$",,,,,,,,
24/9/19,"0,00 US$",,,,,,,,
25/9/19,"538,30 US$",,,,,,,,
26/9/19,"127,50 US$",,,,,,,,
27/9/19,"180,00 US$",,,,,,,,
28/9/19,"86,00 US$",,,,,,,,
29/9/19,"16,00 US$",,,,,,,,
30/9/19,"250,75 US$",,,,,,,,
1/10/19,"123,00 US$",,,,,,,,
2/10/19,"96,50 US$",,,,,,,,
3/10/19,"98,00 US$",,,,,,,,
4/10/19,"260,00 US$",,,,,,,,
5/10/19,"35,90 US$",,,,,,,,
6/10/19,"181,00 US$",,,,,,,,
7/10/19,"3.896,10 US$",,,,,,,,
8/10/19,"0,00 US$",,,,,,,,
9/10/19,"209,60 US$",,,,,,,,
10/10/19,"55,40 US$",,,,,,,,
11/10/19,"245,00 US$",,,,,,,,
12/10/19,"69,80 US$",,,,,,,,
13/10/19,"85,95 US$",,,,,,,,
14/10/19,"86,00 US$",,,,,,,,
15/10/19,"285,40 US$",,,,,,,,
16/10/19,"122,00 US$",,,,,,,,
17/10/19,"120,80 US$",,,,,,,,
18/10/19,"137,00 US$",,,,,,,,
19/10/19,"110,00 US$",,,,,,,,
20/10/19,"105,60 US$",,,,,,,,
21/10/19,"56,00 US$",,,,,,,,
22/10/19,"59,00 US$",,,,,,,,
23/10/19,"72,00 US$",,,,,,,,
24/10/19,"139,25 US$",,,,,,,,
25/10/19,"219,70 US$",,,,,,,,
26/10/19,"276,20 US$",,,,,,,,
27/10/19,"30,00 US$",,,,,,,,
28/10/19,"27,00 US$",,,,,,,,
29/10/19,"79,00 US$",,,,,,,,
30/10/19,"104,00 US$",,,,,,,,
31/10/19,"60,00 US$",,,,,,,,
1/11/19,"7,50 US$",,,,,,,,
2/11/19,"30,00 US$",,,,,,,,
3/11/19,"70,00 US$",,,,,,,,
4/11/19,"306,00 US$",,,,,,,,
5/11/19,"396,80 US$",,,,,,,,
6/11/19,"79,75 US$",,,,,,,,
7/11/19,"126,00 US$",,,,,,,,
8/11/19,"90,25 US$",,,,,,,,
9/11/19,"119,10 US$",,,,,,,,
10/11/19,"40,00 US$",,,,,,,,
11/11/19,"13,00 US$",,,,,,,,
12/11/19,"0,00 US$",,,,,,,,
13/11/19,"163,00 US$",,,,,,,,
14/11/19,"142,00 US$",,,,,,,,
15/11/19,"144,50 US$",,,,,,,,
16/11/19,"175,00 US$",,,,,,,,
17/11/19,"207,20 US$",,,,,,,,
18/11/19,"160,80 US$",,,,,,,,
19/11/19,"255,70 US$",,,,,,,,
20/11/19,"65,00 US$",,,,,,,,
21/11/19,"78,00 US$",,,,,,,,
22/11/19,"72,50 US$",,,,,,,,
23/11/19,"424,25 US$",,,,,,,,
24/11/19,"36,75 US$",,,,,,,,
25/11/19,"193,10 US$",,,,,,,,
26/11/19,"135,20 US$",,,,,,,,
27/11/19,"216,00 US$",,,,,,,,
28/11/19,"145,10 US$",,,,,,,,
29/11/19,"207,30 US$",,,,,,,,
30/11/19,"291,95 US$",,,,,,,,
1/12/19,"184,50 US$",,,,,,,,
2/12/19,"171,30 US$",,,,,,,,
3/12/19,"323,60 US$",,,,,,,,
4/12/19,"383,40 US$",,,,,,,,
5/12/19,"72,60 US$",,,,,,,,
6/12/19,"94,85 US$",,,,,,,,
7/12/19,"271,50 US$",,,,,,,,
8/12/19,"250,85 US$",,,,,,,,
9/12/19,"317,00 US$",,,,,,,,
10/12/19,"177,50 US$",,,,,,,,
11/12/19,"136,00 US$",,,,,,,,
12/12/19,"140,00 US$",,,,,,,,
13/12/19,"971,00 US$",,,,,,,,
14/12/19,"590,40 US$",,,,,,,,
15/12/19,"346,00 US$",,,,,,,,
16/12/19,"391,50 US$",,,,,,,,
17/12/19,"607,00 US$",,,,,,,,
18/12/19,"318,50 US$",,,,,,,,
19/12/19,"305,00 US$",,,,,,,,
20/12/19,"440,00 US$",,,,,,,,
21/12/19,"60,00 US$",,,,,,,,
22/12/19,"458,50 US$",,,,,,,,
23/12/19,"189,10 US$",,,,,,,,
24/12/19,"115,00 US$",,,,,,,,
25/12/19,"180,00 US$",,,,,,,,
26/12/19,"0,00 US$",,,,,,,,
27/12/19,"79,50 US$",,,,,,,,
28/12/19,"133,60 US$",,,,,,,,
29/12/19,"0,00 US$",,,,,,,,
30/12/19,"171,40 US$",,,,,,,,
31/12/19,"0,00 US$",,,,,,,,
,"63.334,49 US$",,,,,,,,